,Wk,season,Day,Date,Time,Home,xG,Score,xG.1,Away,Attendance,Venue,Referee,Match Report,Notes
0,1.0,21-22,Fri,2021-09-03,19:45,Manchester Utd,1.6,2–0,0.2,Reading,2111.0,Leigh Sports Village Stadium,Abigail Bryne,Match Report,
1,1.0,21-22,Sat,2021-09-04,12:30,Aston Villa,0.8,2–1,1.8,Leicester City WFC,741.0,The Banks's Stadium,Helen Conley,Match Report,
2,1.0,21-22,Sat,2021-09-04,13:30,Everton,0.9,0–4,1.3,Manchester City,5998.0,Goodison Park,Kirsty Dowle,Match Report,
3,1.0,21-22,Sat,2021-09-04,15:00,Tottenham,0.9,1–0,0.2,Birmingham City,4681.0,Tottenham Hotspur Stadium,Lisa Benn,Match Report,
4,1.0,21-22,Sun,2021-09-05,12:30,Arsenal,1.5,3–2,1.5,Chelsea,8705.0,Emirates Stadium,Rebecca Welch,Match Report,
5,1.0,21-22,Sun,2021-09-05,14:00,Brighton,1.4,2–0,0.6,West Ham,2264.0,The American Express Community Stadium,Emily Heaslip,Match Report,
6,,21-22,,,,,,,,,,,,,
7,2.0,21-22,Sat,2021-09-11,11:30,West Ham,1.3,1–1,1.2,Aston Villa,1106.0,Chigwell Construction Stadium,Kirsty Dowle,Match Report,
8,2.0,21-22,Sun,2021-09-12,12:30,Chelsea,2.4,4–0,0.2,Everton,2379.0,Cherry Red Records Fans' Stadium,Amy Fearn,Match Report,
9,2.0,21-22,Sun,2021-09-12,14:00,Reading,0.9,0–4,1.6,Arsenal,1127.0,Select Car Leasing Stadium,Emily Heaslip,Match Report,
10,2.0,21-22,Sun,2021-09-12,14:00,Birmingham City,0.9,0–5,2.2,Brighton,525.0,St Andrew's Trillion Trophy Stadium,Lucy May,Match Report,
11,2.0,21-22,Sun,2021-09-12,14:00,Leicester City WFC,0.7,1–3,2.4,Manchester Utd,4473.0,King Power Stadium,Jane Simms,Match Report,
12,2.0,21-22,Sun,2021-09-12,18:45,Manchester City,2.0,1–2,0.5,Tottenham,1126.0,Academy Stadium,Abigail Bryne,Match Report,
13,,21-22,,,,,,,,,,,,,
14,3.0,21-22,Sat,2021-09-25,11:30,Everton,1.0,3–1,0.2,Birmingham City,605.0,Walton Hall Park,Tom Reeves,Match Report,
15,3.0,21-22,Sun,2021-09-26,12:30,Manchester Utd,1.1,1–6,3.3,Chelsea,2197.0,Leigh Sports Village Stadium,Kirsty Dowle,Match Report,
16,3.0,21-22,Sun,2021-09-26,14:00,Tottenham,2.3,1–0,0.2,Reading,621.0,The Hive Stadium,Amy Fearn,Match Report,
17,3.0,21-22,Sun,2021-09-26,14:00,Brighton,0.4,0–1,0.8,Aston Villa,1104.0,The People’s Pension Stadium,Lisa Benn,Match Report,
18,3.0,21-22,Sun,2021-09-26,15:00,West Ham,2.7,4–0,0.4,Leicester City WFC,1128.0,Chigwell Construction Stadium,Emily Heaslip,Match Report,
19,3.0,21-22,Sun,2021-09-26,18:45,Arsenal,2.8,5–0,0.5,Manchester City,2061.0,Meadow Park,Jane Simms,Match Report,
20,,21-22,,,,,,,,,,,,,
21,4.0,21-22,Sat,2021-10-02,11:30,Chelsea,1.9,3–1,0.3,Brighton,2480.0,Cherry Red Records Fans' Stadium,Amy Fearn,Match Report,
22,4.0,21-22,Sat,2021-10-02,17:15,Aston Villa,0.2,0–4,1.7,Arsenal,4780.0,Villa Park,Emily Heaslip,Match Report,
23,4.0,21-22,Sun,2021-10-03,14:00,Leicester City WFC,0.2,0–2,2.7,Tottenham,2137.0,King Power Stadium,Abigail Bryne,Match Report,
24,4.0,21-22,Sun,2021-10-03,14:00,Manchester City,1.6,0–2,0.5,West Ham,1298.0,Academy Stadium,Helen Conley,Match Report,
25,4.0,21-22,Sun,2021-10-03,14:00,Reading,0.2,0–3,2.3,Everton,740.0,Select Car Leasing Stadium,Lucy May,Match Report,
26,4.0,21-22,Sun,2021-10-03,18:45,Birmingham City,0.2,0–2,1.7,Manchester Utd,650.0,St Andrew's Trillion Trophy Stadium,Lisa Benn,Match Report,
27,,21-22,,,,,,,,,,,,,
28,5.0,21-22,Sat,2021-10-09,13:30,Manchester Utd,0.5,2–2,1.9,Manchester City,3797.0,Leigh Sports Village Stadium,Rebecca Welch,Match Report,
29,5.0,21-22,Sun,2021-10-10,12:30,Chelsea,1.6,2–0,0.1,Leicester City WFC,5114.0,Cherry Red Records Fans' Stadium,Lisa Benn,Match Report,
30,5.0,21-22,Sun,2021-10-10,14:00,Brighton,1.4,2–1,0.8,Tottenham,1353.0,The People’s Pension Stadium,Kirsty Dowle,Match Report,
31,5.0,21-22,Sun,2021-10-10,14:00,Reading,0.4,3–0,0.6,Aston Villa,578.0,Select Car Leasing Stadium,Louise Saunders,Match Report,
32,5.0,21-22,Sun,2021-10-10,15:00,West Ham,0.5,1–1,1.3,Birmingham City,1142.0,Chigwell Construction Stadium,Lucy May,Match Report,
33,5.0,21-22,Sun,2021-10-10,15:00,Arsenal,1.6,3–0,0.2,Everton,2165.0,Meadow Park,Helen Conley,Match Report,
34,,21-22,,,,,,,,,,,,,
35,6.0,21-22,Sat,2021-11-06,12:30,Aston Villa,0.1,0–1,1.7,Chelsea,715.0,The Banks's Stadium,Abigail Bryne,Match Report,
36,6.0,21-22,Sat,2021-11-06,17:30,Everton,0.9,0–1,0.4,Brighton,502.0,Walton Hall Park,Lucy May,Match Report,
37,6.0,21-22,Sun,2021-11-07,12:15,Tottenham,0.2,1–1,0.9,Manchester Utd,1308.0,The Hive Stadium,Emily Heaslip,Match Report,
38,6.0,21-22,Sun,2021-11-07,14:00,Birmingham City,0.1,0–3,2.3,Reading,298.0,St Andrew's Trillion Trophy Stadium,Louise Saunders,Match Report,
39,6.0,21-22,Sun,2021-11-07,14:00,Leicester City WFC,0.4,1–4,2.0,Manchester City,242.0,King Power Stadium,Helen Conley,Match Report,
40,6.0,21-22,Sun,2021-11-07,18:45,Arsenal,2.6,4–0,0.4,West Ham,1736.0,Meadow Park,Kirsty Dowle,Match Report,
41,,21-22,,,,,,,,,,,,,
42,7.0,21-22,Sat,2021-11-13,13:30,Tottenham,1.2,1–1,1.6,Arsenal,2896.0,The Hive Stadium,Amy Fearn,Match Report,
43,7.0,21-22,Sun,2021-11-14,12:30,Everton,1.0,1–1,1.1,Manchester Utd,840.0,Walton Hall Park,Louise Saunders,Match Report,
44,7.0,21-22,Sun,2021-11-14,14:00,Birmingham City,0.7,0–1,0.4,Aston Villa,1386.0,St Andrew's Trillion Trophy Stadium,Kirsty Dowle,Match Report,
45,7.0,21-22,Sun,2021-11-14,14:00,Brighton,0.3,1–0,0.4,Leicester City WFC,3566.0,The People’s Pension Stadium,Ryan Atkin,Match Report,
46,7.0,21-22,Sun,2021-11-14,15:00,West Ham,1.4,2–2,0.3,Reading,1496.0,Chigwell Construction Stadium,Emily Heaslip,Match Report,
47,7.0,21-22,Sun,2021-11-14,15:00,Manchester City,1.1,0–4,1.5,Chelsea,3174.0,Academy Stadium,Rebecca Welch,Match Report,
48,,21-22,,,,,,,,,,,,,
49,8.0,21-22,Sat,2021-11-20,11:30,Manchester City,2.2,5–0,0.0,Aston Villa,1098.0,Academy Stadium,Abigail Bryne,Match Report,
50,8.0,21-22,Sun,2021-11-21,12:15,Manchester Utd,0.7,0–2,1.6,Arsenal,2186.0,Leigh Sports Village Stadium,Emily Heaslip,Match Report,
51,8.0,21-22,Sun,2021-11-21,14:00,Leicester City WFC,0.2,0–1,2.7,Everton,685.0,Pirelli Stadium,Lucy May,Match Report,
52,8.0,21-22,Sun,2021-11-21,14:00,Chelsea,4.6,5–0,0.0,Birmingham City,2704.0,Cherry Red Records Fans' Stadium,Elizabeth Simms,Match Report,
53,8.0,21-22,Sun,2021-11-21,14:00,Reading,1.0,2–0,0.5,Brighton,733.0,Select Car Leasing Stadium,Helen Conley,Match Report,
54,8.0,21-22,Sun,2021-11-21,15:00,West Ham,0.5,1–0,0.6,Tottenham,1242.0,Chigwell Construction Stadium,Lisa Benn,Match Report,
55,,21-22,,,,,,,,,,,,,
56,9.0,21-22,Sat,2021-12-11,11:30,Reading,0.2,1–0,1.7,Chelsea,742.0,Select Car Leasing Stadium,Louise Saunders,Match Report,
57,9.0,21-22,Sun,2021-12-12,12:30,Brighton,0.3,0–2,1.7,Manchester Utd,1776.0,The People’s Pension Stadium,Abigail Bryne,Match Report,
58,9.0,21-22,Sun,2021-12-12,13:00,Everton,1.1,1–1,1.8,West Ham,432.0,Walton Hall Park,Lucy May,Match Report,
59,9.0,21-22,Sun,2021-12-12,14:00,Birmingham City,1.8,2–3,2.4,Manchester City,812.0,St Andrew's Trillion Trophy Stadium,Helen Conley,Match Report,
60,9.0,21-22,Sun,2021-12-12,18:00,Aston Villa,0.6,1–2,1.2,Tottenham,385.0,The Banks's Stadium,Kirsty Dowle,Match Report,
61,9.0,21-22,Sun,2021-12-12,18:45,Arsenal,2.7,4–0,0.1,Leicester City WFC,1316.0,Meadow Park,Emily Heaslip,Match Report,
62,,21-22,,,,,,,,,,,,,
63,10.0,21-22,Sun,2021-12-19,12:00,Manchester Utd,2.2,5–0,0.5,Aston Villa,1001.0,Leigh Sports Village Stadium,Rebecca Welch,Match Report,
64,10.0,21-22,Sun,2021-12-19,14:00,Tottenham,0.4,1–0,0.7,Everton,576.0,The Hive Stadium,Elizabeth Simms,Match Report,
65,10.0,21-22,Sun,2021-12-19,14:00,Leicester City WFC,0.7,2–0,0.9,Birmingham City,2124.0,King Power Stadium,Lisa Benn,Match Report,
66,,21-22,,,,,,,,,,,,,
67,11.0,21-22,Sun,2022-01-09,12:00,Brighton,0.1,0–6,1.6,Manchester City,1345.0,The People’s Pension Stadium,Emily Heaslip,Match Report,
68,11.0,21-22,Sun,2022-01-09,14:00,Birmingham City,0.7,2–0,0.6,Arsenal,582.0,St Andrew's Trillion Trophy Stadium,Lucy May,Match Report,
69,11.0,21-22,Sun,2022-01-09,14:00,Reading,1.1,1–0,0.4,Leicester City WFC,501.0,Select Car Leasing Stadium,Louise Saunders,Match Report,
70,,21-22,,,,,,,,,,,,,
71,12.0,21-22,Sat,2022-01-15,12:00,Manchester Utd,1.7,5–0,0.1,Birmingham City,1015.0,Leigh Sports Village Stadium,Kirsty Dowle,Match Report,
72,12.0,21-22,Sat,2022-01-15,12:30,Aston Villa,0.1,0–3,1.9,Manchester City,483.0,The Banks's Stadium,Louise Saunders,Match Report,
73,12.0,21-22,Sun,2022-01-16,14:00,Leicester City WFC,0.4,1–0,0.2,Brighton,1667.0,King Power Stadium,Abigail Bryne,Match Report,
74,12.0,21-22,Sun,2022-01-16,18:45,Tottenham,1.6,1–1,0.2,West Ham,678.0,The Hive Stadium,Amy Fearn,Match Report,
75,,21-22,,,,,,,,,,,,,
76,13.0,21-22,Sun,2022-01-23,12:00,Manchester Utd,0.8,3–0,0.8,Tottenham,1519.0,Leigh Sports Village Stadium,Lucy May,Match Report,
77,13.0,21-22,Sun,2022-01-23,12:30,Brighton,0.1,0–0,1.8,Chelsea,1743.0,The People’s Pension Stadium,Kirsty Dowle,Match Report,
78,13.0,21-22,Sun,2022-01-23,14:00,Reading,1.5,3–2,0.7,Birmingham City,552.0,Select Car Leasing Stadium,Lisa Benn,Match Report,
79,13.0,21-22,Sun,2022-01-23,14:00,Leicester City WFC,0.4,1–2,0.6,Aston Villa,616.0,Pirelli Stadium,Elizabeth Simms,Match Report,
80,13.0,21-22,Sun,2022-01-23,15:00,West Ham,1.5,3–0,0.3,Everton,1372.0,Chigwell Construction Stadium,Lauren Impey,Match Report,
81,13.0,21-22,Sun,2022-01-23,18:45,Manchester City,1.1,1–1,0.2,Arsenal,2355.0,Academy Stadium,Abigail Bryne,Match Report,
82,,21-22,,,,,,,,,,,,,
83,10.0,21-22,Wed,2022-01-26,19:00,Chelsea,1.5,2–0,0.0,West Ham,2554.0,Cherry Red Records Fans' Stadium,Ryan Atkin,Match Report,
84,10.0,21-22,Thu,2022-01-27,19:30,Arsenal,1.1,2–1,0.1,Brighton,1617.0,Meadow Park,Kirsty Dowle,Match Report,
85,,21-22,,,,,,,,,,,,,
86,14.0,21-22,Sat,2022-02-05,12:30,Arsenal,2.3,1–1,1.7,Manchester Utd,2385.0,Meadow Park,Elizabeth Simms,Match Report,
87,14.0,21-22,Sun,2022-02-06,12:30,Chelsea,1.6,1–0,1.0,Manchester City,3321.0,Cherry Red Records Fans' Stadium,Amy Fearn,Match Report,
88,14.0,21-22,Sun,2022-02-06,13:00,Everton,2.0,1–2,2.8,Reading,242.0,Walton Hall Park,Andrew Kitchen,Match Report,
89,14.0,21-22,Sun,2022-02-06,14:00,Birmingham City,0.7,1–2,3.6,Leicester City WFC,810.0,St Andrew's Trillion Trophy Stadium,Rob Whitton,Match Report,
90,14.0,21-22,Sun,2022-02-06,14:00,Tottenham,2.6,4–0,0.6,Brighton,557.0,The Hive Stadium,Lauren Impey,Match Report,
91,14.0,21-22,Sun,2022-02-06,18:00,Aston Villa,1.8,1–2,1.6,West Ham,334.0,The Banks's Stadium,Lucy May,Match Report,
92,,21-22,,,,,,,,,,,,,
93,15.0,21-22,Fri,2022-02-11,19:45,Chelsea,0.8,0–0,0.8,Arsenal,3330.0,Cherry Red Records Fans' Stadium,Rebecca Welch,Match Report,
94,15.0,21-22,Sun,2022-02-13,12:30,Manchester City,1.4,1–0,0.2,Manchester Utd,5317.0,Academy Stadium,Kirsty Dowle,Match Report,
95,15.0,21-22,Sun,2022-02-13,13:00,Everton,1.2,0–2,1.2,Aston Villa,419.0,Walton Hall Park,Elizabeth Simms,Match Report,
96,15.0,21-22,Sun,2022-02-13,14:00,Leicester City WFC,1.7,3–0,0.2,West Ham,551.0,King Power Stadium,Abigail Bryne,Match Report,
97,15.0,21-22,Sun,2022-02-13,14:00,Birmingham City,0.2,0–2,2.1,Tottenham,487.0,St Andrew's Trillion Trophy Stadium,Emily Heaslip,Match Report,
98,15.0,21-22,Sun,2022-02-13,14:00,Brighton,2.1,4–1,0.4,Reading,1159.0,The People’s Pension Stadium,Carl Brook,Match Report,
99,,21-22,,,,,,,,,,,,,
100,11.0,21-22,Wed,2022-03-02,19:00,Aston Villa,0.8,0–1,1.2,Everton,324.0,The Banks's Stadium,Robert Massey Ellis,Match Report,
101,,21-22,,,,,,,,,,,,,
102,12.0,21-22,Wed,2022-03-02,19:15,Arsenal,2.4,4–0,0.1,Reading,1554.0,Meadow Park,James Bell,Match Report,
103,,21-22,,,,,,,,,,,,,
104,16.0,21-22,Sat,2022-03-05,11:30,Aston Villa,0.6,0–1,1.1,Brighton,496.0,The Banks's Stadium,Louise Saunders,Match Report,
105,16.0,21-22,Sat,2022-03-05,12:00,Manchester Utd,2.3,4–0,0.3,Leicester City WFC,1103.0,Leigh Sports Village Stadium,Amy Fearn,Match Report,
106,16.0,21-22,Sun,2022-03-06,12:00,Arsenal,2.4,4–2,1.2,Birmingham City,1700.0,Meadow Park,Robert Massey Ellis,Match Report,
107,16.0,21-22,Sun,2022-03-06,14:00,Reading,0.6,0–0,0.6,Tottenham,960.0,Select Car Leasing Stadium,Lauren Impey,Match Report,
108,16.0,21-22,Thu,2022-03-10,19:45,West Ham,1.0,1–4,1.7,Chelsea,1735.0,Chigwell Construction Stadium,Carl Brook,Match Report,
109,,21-22,,,,,,,,,,,,,
110,17.0,21-22,Sat,2022-03-12,11:30,Reading,2.1,1–3,1.4,Manchester Utd,1371.0,Select Car Leasing Stadium,Lucy May,Match Report,
111,17.0,21-22,Sat,2022-03-12,17:30,Everton,1.3,3–2,1.2,Leicester City WFC,574.0,Walton Hall Park,Kirsty Dowle,Match Report,
112,17.0,21-22,Sun,2022-03-13,12:30,Tottenham,0.1,0–1,1.0,Manchester City,1303.0,The Hive Stadium,Emily Heaslip,Match Report,
113,17.0,21-22,Sun,2022-03-13,13:00,Chelsea,1.7,1–0,0.4,Aston Villa,2655.0,Cherry Red Records Fans' Stadium,Abigail Bryne,Match Report,
114,17.0,21-22,Sun,2022-03-13,14:00,Birmingham City,0.5,0–1,0.6,West Ham,587.0,St Andrew's Trillion Trophy Stadium,Louise Saunders,Match Report,
115,17.0,21-22,Sun,2022-03-13,18:45,Brighton,0.4,0–3,1.9,Arsenal,2535.0,The People’s Pension Stadium,Tom Reeves,Match Report,
116,,21-22,,,,,,,,,,,,,
117,10.0,21-22,Wed,2022-03-16,19:00,Manchester City,2.9,2–0,0.1,Reading,1126.0,Academy Stadium,Anthony Backhouse,Match Report,
118,,21-22,,,,,,,,,,,,,
119,12.0,21-22,Wed,2022-03-16,19:00,Everton,0.1,0–3,1.2,Chelsea,574.0,Walton Hall Park,James Bell,Match Report,
120,,21-22,,,,,,,,,,,,,
121,11.0,21-22,Wed,2022-03-16,19:30,West Ham,0.4,1–1,0.5,Manchester Utd,1425.0,Chigwell Construction Stadium,Daniel Lamport,Match Report,
122,,21-22,,,,,,,,,,,,,
123,16.0,21-22,Wed,2022-03-23,19:00,Manchester City,2.2,4–0,0.0,Everton,1119.0,Academy Stadium,Scott Jackson,Match Report,
124,,21-22,,,,,,,,,,,,,
125,18.0,21-22,Sat,2022-03-26,12:30,Aston Villa,1.3,1–1,1.2,Reading,461.0,The Banks's Stadium,Lauren Impey,Match Report,
126,18.0,21-22,Sun,2022-03-27,12:30,Manchester Utd,1.5,3–1,0.4,Everton,20241.0,Old Trafford,Helen Conley,Match Report,
127,18.0,21-22,Sun,2022-03-27,15:00,Leicester City WFC,0.4,0–9,3.5,Chelsea,2278.0,King Power Stadium,Abigail Bryne,Match Report,
128,18.0,21-22,Sun,2022-03-27,15:00,West Ham,0.5,0–2,0.7,Brighton,1411.0,Chigwell Construction Stadium,Paul Howard,Match Report,
129,,21-22,,,,,,,,,,,,,
130,19.0,21-22,Fri,2022-04-01,19:00,Birmingham City,0.2,0–0,1.6,Everton,537.0,St Andrew's Trillion Trophy Stadium,Amy Fearn,Match Report,
131,19.0,21-22,Sat,2022-04-02,11:30,West Ham,0.3,0–2,2.0,Manchester City,1475.0,Chigwell Construction Stadium,Lucy May,Match Report,
132,19.0,21-22,Sun,2022-04-03,12:00,Manchester Utd,1.2,1–0,0.6,Brighton,1524.0,Leigh Sports Village Stadium,Abigail Bryne,Match Report,
133,19.0,21-22,Sun,2022-04-03,12:30,Leicester City WFC,0.2,0–5,3.1,Arsenal,2158.0,King Power Stadium,Rebecca Welch,Match Report,
134,19.0,21-22,Sun,2022-04-03,14:00,Tottenham,0.5,0–1,0.2,Aston Villa,508.0,The Hive Stadium,Richie Watkins,Match Report,
135,19.0,21-22,Sun,2022-04-03,18:45,Chelsea,3.0,5–0,0.1,Reading,2485.0,Cherry Red Records Fans' Stadium,Emily Heaslip,Match Report,
136,,21-22,,,,,,,,,,,,,
137,20.0,21-22,Sat,2022-04-23,14:00,Brighton,1.2,1–3,0.6,Birmingham City,1206.0,The People’s Pension Stadium,Elizabeth Simms,Match Report,
138,20.0,21-22,Sun,2022-04-24,14:00,Reading,0.6,1–2,2.2,West Ham,600.0,Select Car Leasing Stadium,Tom Reeves,Match Report,
139,20.0,21-22,Sun,2022-04-24,14:00,Manchester City,2.6,4–0,0.1,Leicester City WFC,1895.0,Academy Stadium,Louise Saunders,Match Report,
140,20.0,21-22,Sun,2022-04-24,14:30,Tottenham,0.3,1–3,1.3,Chelsea,2161.0,The Hive Stadium,Lisa Benn,Match Report,
141,20.0,21-22,Sun,2022-04-24,18:00,Aston Villa,0.2,0–0,2.0,Manchester Utd,941.0,The Banks's Stadium,Emily Heaslip,Match Report,
142,20.0,21-22,Sun,2022-04-24,18:45,Everton,0.1,0–3,1.9,Arsenal,583.0,Walton Hall Park,Kirsty Dowle,Match Report,
143,,21-22,,,,,,,,,,,,,
144,11.0,21-22,Thu,2022-04-28,19:45,Chelsea,1.8,2–1,0.1,Tottenham,3660.0,Cherry Red Records Fans' Stadium,Jack Packman,Match Report,
145,,21-22,,,,,,,,,,,,,
146,21.0,21-22,Sat,2022-04-30,11:30,Manchester City,3.3,7–2,1.4,Brighton,1377.0,Academy Stadium,Amy Fearn,Match Report,
147,21.0,21-22,Sun,2022-05-01,12:00,Manchester Utd,2.1,3–0,0.4,West Ham,2546.0,Leigh Sports Village Stadium,Lucy May,Match Report,
148,21.0,21-22,Sun,2022-05-01,14:00,Leicester City WFC,1.2,0–0,0.7,Reading,2244.0,King Power Stadium,Richie Watkins,Match Report,
149,21.0,21-22,Sun,2022-05-01,14:15,Arsenal,3.1,7–0,0.1,Aston Villa,2305.0,Meadow Park,Lisa Benn,Match Report,
150,21.0,21-22,Sun,2022-05-01,18:45,Birmingham City,0.5,0–1,2.0,Chelsea,1429.0,St Andrew's Trillion Trophy Stadium,Emily Heaslip,Match Report,
151,21.0,21-22,Sun,2022-05-01,19:30,Everton,1.2,2–2,2.6,Tottenham,462.0,Walton Hall Park,Lauren Impey,Match Report,
152,,21-22,,,,,,,,,,,,,
153,18.0,21-22,Wed,2022-05-04,19:00,Manchester City,3.1,6–0,0.0,Birmingham City,1207.0,Academy Stadium,Jane Simms,Match Report,
154,18.0,21-22,Wed,2022-05-04,19:15,Arsenal,1.5,3–0,1.1,Tottenham,12800.0,Emirates Stadium,Louise Saunders,Match Report,
155,,21-22,,,,,,,,,,,,,
156,22.0,21-22,Sun,2022-05-08,12:00,Reading,0.3,0–4,2.8,Manchester City,1200.0,Select Car Leasing Stadium,Elizabeth Simms,Match Report,
157,22.0,21-22,Sun,2022-05-08,12:00,Brighton,0.7,1–1,0.6,Everton,1371.0,The People’s Pension Stadium,Louise Saunders,Match Report,
158,22.0,21-22,Sun,2022-05-08,12:00,Chelsea,1.4,4–2,0.6,Manchester Utd,4378.0,Cherry Red Records Fans' Stadium,Abigail Bryne,Match Report,
159,22.0,21-22,Sun,2022-05-08,12:00,Tottenham,1.1,1–0,0.6,Leicester City WFC,3994.0,Tottenham Hotspur Stadium,Kirsty Dowle,Match Report,
160,22.0,21-22,Sun,2022-05-08,12:00,West Ham,0.5,0–2,1.2,Arsenal,2585.0,Chigwell Construction Stadium,Emily Heaslip,Match Report,
161,22.0,21-22,Sun,2022-05-08,12:00,Aston Villa,1.0,0–1,0.5,Birmingham City,8367.0,Villa Park,Rebecca Welch,Match Report,
0,1.0,18-19,Sun,2018-09-09,12:30,Arsenal,2.4,5–0,0.6,Liverpool,1173.0,Meadow Park,Jason Richardson,Match Report,
1,1.0,18-19,Sun,2018-09-09,14:00,Birmingham City,1.1,1–0,0.2,Everton,603.0,Damson Park,James Bell,Match Report,
2,1.0,18-19,Sun,2018-09-09,14:00,Brighton,0.6,0–1,0.6,Bristol City,414.0,Checkatrade.com Stadium,Jack Packman,Match Report,
3,1.0,18-19,Sun,2018-09-09,14:00,Chelsea,0.6,0–0,0.7,Manchester City,2501.0,Cherry Red Records Fans' Stadium,Rebecca Welch,Match Report,
4,1.0,18-19,Sun,2018-09-09,14:00,Reading,4.2,4–0,0.7,Yeovil Town,464.0,Adams Park,Helen Conley,Match Report,
5,,18-19,,,,,,,,,,,,,
6,2.0,18-19,Wed,2018-09-19,19:00,Bristol City,0.1,0–0,1.3,Chelsea,,Stoke Gifford Stadium,Stacey Pearson,Match Report,
7,2.0,18-19,Wed,2018-09-19,19:30,Birmingham City,1.0,1–0,0.6,Brighton,449.0,Damson Park,James Oldham,Match Report,
8,2.0,18-19,Wed,2018-09-19,19:45,West Ham,0.5,0–0,1.4,Reading,658.0,The Rush Green Bowl,Abby Marriott,Match Report,
9,2.0,18-19,Wed,2018-09-19,19:45,Yeovil Town,0.5,0–7,3.4,Arsenal,1101.0,Jewson Stadium,Scott Jackson,Match Report,
10,2.0,18-19,Thu,2018-09-20,19:00,Everton,0.7,0–4,2.5,Manchester City,296.0,Haig Avenue,Lucy Oliver,Match Report,
11,,18-19,,,,,,,,,,,,,
12,3.0,18-19,Sun,2018-09-23,12:15,Brighton,0.5,0–1,0.4,Liverpool,443.0,Checkatrade.com Stadium,Amy Fearn,Match Report,
13,3.0,18-19,Sun,2018-09-23,14:00,Manchester City,4.0,2–2,1.2,Bristol City,1338.0,Academy Stadium,Asaka Koizumi,Match Report,
14,3.0,18-19,Sun,2018-09-23,14:00,Reading,1.9,0–1,2.3,Birmingham City,693.0,Adams Park,Jacob Miles,Match Report,
15,3.0,18-19,Sun,2018-09-23,14:00,Everton,0.4,0–0,1.2,Chelsea,213.0,Haig Avenue,Helen Conley,Match Report,
16,3.0,18-19,Sun,2018-09-23,14:00,Arsenal,3.5,4–3,0.9,West Ham,1081.0,Meadow Park,Paul Howard,Match Report,
17,,18-19,,,,,,,,,,,,,
18,4.0,18-19,Sun,2018-09-30,12:30,Birmingham City,0.5,2–3,1.5,Manchester City,824.0,Damson Park,Wayne Cartmel,Match Report,
19,4.0,18-19,Sun,2018-09-30,14:00,Liverpool,0.2,0–1,0.8,Reading,382.0,Prenton Park,David McNamara,Match Report,
20,4.0,18-19,Sun,2018-09-30,14:00,Chelsea,1.9,2–0,0.6,Brighton,1175.0,Cherry Red Records Fans' Stadium,Abby Marriott,Match Report,
21,4.0,18-19,Sun,2018-09-30,15:00,West Ham,2.2,2–1,1.0,Yeovil Town,367.0,The Rush Green Bowl,David Spain,Match Report,
22,,18-19,,,,,,,,,,,,,
23,5.0,18-19,Sun,2018-10-14,12:30,Manchester City,3.0,7–1,1.2,West Ham,1245.0,Academy Stadium,Rebecca Welch,Match Report,
24,5.0,18-19,Sun,2018-10-14,14:00,Chelsea,0.7,0–5,2.2,Arsenal,2020.0,Cherry Red Records Fans' Stadium,Sam Purkiss,Match Report,
25,5.0,18-19,Sun,2018-10-14,14:00,Everton,0.9,3–3,1.9,Brighton,210.0,Haig Avenue,Steven Copeland,Match Report,
26,5.0,18-19,Sun,2018-10-14,14:00,Liverpool,3.3,2–1,0.2,Yeovil Town,423.0,Prenton Park,Helen Conley,Match Report,
27,5.0,18-19,Sun,2018-10-14,15:00,Bristol City,0.0,0–1,1.8,Birmingham City,468.0,Stoke Gifford Stadium,Samuel Allison,Match Report,
28,,18-19,,,,,,,,,,,,,
29,6.0,18-19,Sun,2018-10-21,12:30,Birmingham City,0.0,0–0,3.1,Chelsea,1177.0,Damson Park,Amy Fearn,Match Report,
30,6.0,18-19,Sun,2018-10-21,14:00,Arsenal,3.8,6–0,0.4,Reading,1586.0,Meadow Park,Abby Marriott,Match Report,
31,6.0,18-19,Sun,2018-10-21,14:00,Brighton,1.0,0–6,2.7,Manchester City,815.0,Checkatrade.com Stadium,Lucy Oliver,Match Report,
32,6.0,18-19,Sun,2018-10-21,15:00,West Ham,0.5,0–1,1.7,Liverpool,1966.0,The Rush Green Bowl,Jack Packman,Match Report,
33,6.0,18-19,Sun,2018-10-21,15:00,Yeovil Town,0.5,1–2,2.3,Bristol City,583.0,Jewson Stadium,Scott Jackson,Match Report,
34,,18-19,,,,,,,,,,,,,
35,7.0,18-19,Fri,2018-10-26,19:00,Manchester City,1.3,1–1,1.5,Reading,1015.0,Academy Stadium,David McNamara,Match Report,
36,7.0,18-19,Sun,2018-10-28,12:30,Chelsea,1.7,1–0,0.3,Liverpool,1528.0,Cherry Red Records Fans' Stadium,Stacey Pearson,Match Report,
37,7.0,18-19,Sun,2018-10-28,14:00,Everton,1.2,1–2,2.3,West Ham,143.0,Haig Avenue,Aaron Jackson,Match Report,
38,7.0,18-19,Sun,2018-10-28,14:00,Brighton,2.3,2–1,1.2,Yeovil Town,562.0,Checkatrade.com Stadium,Jacob Miles,Match Report,
39,7.0,18-19,Sun,2018-10-28,15:00,Bristol City,0.1,0–4,4.4,Arsenal,658.0,Stoke Gifford Stadium,Daniel Lamport,Match Report,
40,,18-19,,,,,,,,,,,,,
41,8.0,18-19,Sun,2018-11-04,12:30,Arsenal,1.9,3–1,0.2,Birmingham City,1431.0,Meadow Park,Rebecca Welch,Match Report,
42,8.0,18-19,Sun,2018-11-04,14:00,Reading,1.7,3–0,0.3,Bristol City,482.0,Adams Park,Abigail Marnot,Match Report,
43,8.0,18-19,Sun,2018-11-04,14:00,Liverpool,0.2,0–3,2.3,Manchester City,661.0,Prenton Park,Abigail Marnot,Match Report,
44,8.0,18-19,Sun,2018-11-04,15:00,Yeovil Town,0.3,1–0,2.3,Everton,732.0,The Rush Green Bowl,Phillip Staynings,Match Report,
45,8.0,18-19,Sun,2018-11-04,15:00,West Ham,0.2,0–2,1.9,Chelsea,962.0,Jewson Stadium,Rebecca Welch,Match Report,
46,,18-19,,,,,,,,,,,,,
47,10.0,18-19,Sat,2018-11-17,15:00,Bristol City,1.4,2–1,1.3,Liverpool,554.0,Stoke Gifford Stadium,Richard Gardner,Match Report,
48,10.0,18-19,Sun,2018-11-18,12:30,Everton,0.6,0–4,2.5,Arsenal,370.0,Haig Avenue,Lucy Oliver,Match Report,
49,10.0,18-19,Sun,2018-11-18,14:00,Brighton,0.2,1–4,1.1,Reading,330.0,Checkatrade.com Stadium,Ryan Atkin,Match Report,
50,10.0,18-19,Sun,2018-11-18,14:00,Birmingham City,2.3,3–0,0.9,West Ham,663.0,Damson Park,Stacey Pearson,Match Report,
51,10.0,18-19,Sun,2018-11-18,14:00,Chelsea,3.8,5–0,0.0,Yeovil Town,1484.0,Cherry Red Records Fans' Stadium,Kirsty Dowle,Match Report,
52,,18-19,,,,,,,,,,,,,
53,11.0,18-19,Sun,2018-11-25,12:30,Arsenal,2.4,4–1,0.3,Brighton,1237.0,Meadow Park,Rob Whitton,Match Report,
54,11.0,18-19,Sun,2018-11-25,14:00,Liverpool,0.2,0–2,1.4,Birmingham City,336.0,Prenton Park,Sam Mulhall,Match Report,
55,11.0,18-19,Sun,2018-11-25,14:00,Reading,1.6,2–1,1.2,Everton,285.0,Adams Park,Amy Fearn,Match Report,
56,11.0,18-19,Sun,2018-11-25,15:00,West Ham,1.7,2–0,0.4,Bristol City,562.0,The Rush Green Bowl,Helen Conley,Match Report,
57,11.0,18-19,Sun,2018-11-25,15:00,Yeovil Town,1.2,0–4,4.8,Manchester City,1153.0,Jewson Stadium,Amy Fearn,Match Report,
58,,18-19,,,,,,,,,,,,,
59,12.0,18-19,Sun,2018-12-02,12:00,Everton,1.0,2–1,2.2,Liverpool,258.0,Haig Avenue,Simon Mather,Match Report,
60,12.0,18-19,Sun,2018-12-02,12:30,Manchester City,1.3,2–0,0.6,Arsenal,2149.0,Academy Stadium,Abby Marriott,Match Report,
61,12.0,18-19,Sun,2018-12-02,14:00,Brighton,0.7,0–1,1.1,West Ham,376.0,Checkatrade.com Stadium,Kirsty Dowle,Match Report,
62,12.0,18-19,Sun,2018-12-02,14:00,Birmingham City,1.8,2–1,1.0,Yeovil Town,662.0,Damson Park,Jane Simms,Match Report,
63,12.0,18-19,Sun,2018-12-02,14:00,Chelsea,2.1,1–0,0.4,Reading,1741.0,Cherry Red Records Fans' Stadium,Lucy Oliver,Match Report,
64,,18-19,,,,,,,,,,,,,
65,13.0,18-19,Sun,2018-12-09,12:15,Manchester City,1.1,1–0,0.5,Birmingham City,1157.0,Academy Stadium,,Match Report,
66,13.0,18-19,Sun,2018-12-09,14:00,Reading,1.5,2–2,0.8,Liverpool,582.0,Adams Park,,Match Report,
67,13.0,18-19,Sun,2018-12-09,14:00,Everton,0.8,0–2,1.0,Bristol City,,Haig Avenue,,Match Report,
68,13.0,18-19,Sun,2018-12-09,14:30,Brighton,0.8,0–4,3.0,Chelsea,733.0,Checkatrade.com Stadium,,Match Report,
69,13.0,18-19,Sun,2018-12-09,15:00,Yeovil Town,0.4,0–5,3.5,West Ham,516.0,Jewson Stadium,,Match Report,
70,,18-19,,,,,,,,,,,,,
71,14.0,18-19,Sun,2019-01-06,12:30,West Ham,0.8,2–4,2.3,Arsenal,913.0,The Rush Green Bowl,Will Finnie,Match Report,
72,14.0,18-19,Sun,2019-01-06,14:00,Liverpool,0.6,0–2,1.4,Brighton,398.0,Prenton Park,Elizabeth Simms,Match Report,
73,14.0,18-19,Sun,2019-01-06,14:00,Chelsea,3.3,3–0,0.8,Everton,3221.0,Cherry Red Records Fans' Stadium,Lee Brennan,Match Report,
74,14.0,18-19,Sun,2019-01-06,14:00,Birmingham City,1.3,2–1,1.2,Reading,606.0,Damson Park,Robert Massey Ellis,Match Report,
75,14.0,18-19,Sun,2019-01-06,15:00,Bristol City,1.0,1–1,2.0,Manchester City,812.0,Stoke Gifford Stadium,James Durkin,Match Report,
76,,18-19,,,,,,,,,,,,,
77,15.0,18-19,Sun,2019-01-13,12:30,Arsenal,1.0,1–2,1.5,Chelsea,3019.0,Meadow Park,Rebecca Welch,Match Report,
78,15.0,18-19,Sun,2019-01-13,14:00,Brighton,0.3,0–0,0.7,Everton,454.0,Checkatrade.com Stadium,Sunny Gill,Match Report,
79,15.0,18-19,Sun,2019-01-13,14:00,Birmingham City,0.7,0–1,0.8,Bristol City,610.0,Damson Park,Lisa Benn,Match Report,
80,15.0,18-19,Sun,2019-01-13,15:00,Yeovil Town,0.6,1–2,1.7,Liverpool,984.0,Jewson Stadium,,Match Report,
81,15.0,18-19,Sun,2019-01-13,15:00,West Ham,0.9,1–3,1.9,Manchester City,640.0,The Rush Green Bowl,Jason Richardson,Match Report,
82,,18-19,,,,,,,,,,,,,
83,16.0,18-19,Sun,2019-01-27,12:30,Reading,0.4,0–3,1.9,Arsenal,1269.0,Adams Park,,Match Report,
84,16.0,18-19,Sun,2019-01-27,14:00,Chelsea,0.9,2–3,1.2,Birmingham City,2053.0,Cherry Red Records Fans' Stadium,,Match Report,
85,16.0,18-19,Sun,2019-01-27,14:00,Manchester City,3.4,3–0,0.2,Brighton,1279.0,Academy Stadium,,Match Report,
86,16.0,18-19,Sun,2019-01-27,15:00,Bristol City,1.3,2–1,0.9,Yeovil Town,616.0,Stoke Gifford Stadium,,Match Report,
87,16.0,18-19,Mon,2019-01-28,19:00,Liverpool,0.6,1–0,0.6,West Ham,186.0,Prenton Park,Rebecca Welch,Match Report,
88,,18-19,,,,,,,,,,,,,
89,9.0,18-19,Sun,2019-02-10,13:00,Manchester City,2.3,2–2,1.7,Chelsea,3078.0,Academy Stadium,Matthew Dicicco,Match Report,
90,9.0,18-19,Sun,2019-02-10,15:00,Bristol City,0.4,0–0,1.6,Brighton,256.0,Stoke Gifford Stadium,,Match Report,
91,,18-19,,,,,,,,,,,,,
92,17.0,18-19,Wed,2019-02-20,19:00,Manchester City,2.3,3–1,1.2,Everton,864.0,Academy Stadium,,Match Report,
93,17.0,18-19,Wed,2019-02-20,19:30,Reading,1.2,1–2,1.2,West Ham,2148.0,Madejski Stadium,Rebecca Welch,Match Report,
94,17.0,18-19,Wed,2019-02-20,19:30,Chelsea,2.8,6–0,0.2,Bristol City,1821.0,Cherry Red Records Fans' Stadium,Tom Bishop,Match Report,
95,17.0,18-19,Wed,2019-02-20,19:30,Arsenal,3.0,3–0,0.1,Yeovil Town,1107.0,Meadow Park,,Match Report,
96,17.0,18-19,Wed,2019-02-20,19:45,Brighton,1.4,2–1,1.1,Birmingham City,358.0,Culver Road,,Match Report,
97,,18-19,,,,,,,,,,,,,
98,18.0,18-19,Wed,2019-03-13,19:00,Liverpool,0.1,0–4,2.5,Chelsea,237.0,Prenton Park,,Match Report,
99,18.0,18-19,Wed,2019-03-13,19:30,Reading,2.7,3–4,2.8,Manchester City,449.0,Adams Park,,Match Report,
100,18.0,18-19,Wed,2019-03-13,19:45,West Ham,0.4,0–1,1.1,Everton,607.0,The Rush Green Bowl,,Match Report,
101,18.0,18-19,Wed,2019-03-13,19:45,Yeovil Town,0.7,1–1,2.6,Brighton,408.0,Jewson Stadium,,Match Report,
102,18.0,18-19,Thu,2019-03-14,19:30,Arsenal,1.9,4–0,0.5,Bristol City,5265.0,Meadow Park,Rob Whitton,Match Report,
103,,18-19,,,,,,,,,,,,,
104,9.0,18-19,Sun,2019-03-24,12:30,Liverpool,1.3,1–5,2.3,Arsenal,506.0,Prenton Park,Rebecca Welch,Match Report,
105,,18-19,,,,,,,,,,,,,
106,4.0,18-19,Sun,2019-03-24,15:00,Bristol City,0.4,1–0,2.2,Everton,495.0,Stoke Gifford Stadium,Stacey Pearson,Match Report,
107,,18-19,,,,,,,,,,,,,
108,19.0,18-19,Sun,2019-03-31,12:30,Birmingham City,0.5,0–1,1.4,Arsenal,1520.0,Damson Park,,Match Report,
109,19.0,18-19,Sun,2019-03-31,14:00,Chelsea,2.8,1–1,0.4,West Ham,2854.0,Cherry Red Records Fans' Stadium,,Match Report,
110,19.0,18-19,Sun,2019-03-31,14:00,Everton,0.9,0–1,0.1,Yeovil Town,230.0,Haig Avenue,,Match Report,
111,19.0,18-19,Sun,2019-03-31,14:00,Manchester City,2.6,2–1,0.9,Liverpool,1568.0,Academy Stadium,,Match Report,
112,19.0,18-19,Sun,2019-03-31,15:00,Bristol City,0.4,0–1,2.1,Reading,391.0,Stoke Gifford Stadium,Samuel Allison,Match Report,
113,,18-19,,,,,,,,,,,,,
114,9.0,18-19,Wed,2019-04-17,19:00,Everton,2.4,1–3,1.7,Birmingham City,103.0,Haig Avenue,,Match Report,
115,9.0,18-19,Wed,2019-04-17,19:45,Yeovil Town,2.1,0–5,2.5,Reading,407.0,Jewson Stadium,Scott Jackson,Match Report,
116,,18-19,,,,,,,,,,,,,
117,20.0,18-19,Sat,2019-04-20,13:00,Reading,1.5,1–0,1.0,Brighton,1119.0,Madejski Stadium,,Match Report,
118,20.0,18-19,Sun,2019-04-21,12:30,Arsenal,1.3,2–1,0.1,Everton,2003.0,Meadow Park,Stacey Pearson,Match Report,
119,20.0,18-19,Sun,2019-04-21,14:00,Liverpool,2.6,5–2,0.9,Bristol City,324.0,Prenton Park,Lucy Oliver,Match Report,
120,20.0,18-19,Sun,2019-04-21,15:00,West Ham,0.1,1–2,1.1,Birmingham City,706.0,The Rush Green Bowl,,Match Report,
121,,18-19,,,,,,,,,,,,,
122,21.0,18-19,Sun,2019-04-28,14:00,Birmingham City,1.6,2–0,0.4,Liverpool,1545.0,St Andrew's Trillion Trophy Stadium,,Match Report,
123,21.0,18-19,Sun,2019-04-28,14:00,Everton,0.7,3–2,0.8,Reading,174.0,Haig Avenue,Andrew Kitchen,Match Report,
124,21.0,18-19,Sun,2019-04-28,14:15 (12:15),Brighton,0.2,0–4,2.0,Arsenal,5265.0,Al-Shaab Stadium,Lucy Oliver,Match Report,
125,21.0,18-19,Sun,2019-04-28,15:00,Bristol City,0.7,1–2,1.7,West Ham,602.0,Stoke Gifford Stadium,Richard Holme,Match Report,
126,21.0,18-19,Sun,2019-04-28,15:00 (14:00),Manchester City,3.8,2–1,0.5,Yeovil Town,1369.0,Cairo Military Academy Stadium 2,Richard Aspinall,Match Report,
127,,18-19,,,,,,,,,,,,,
128,20.0,18-19,Tue,2019-05-07,19:45,Yeovil Town,0.2,0–8,3.5,Chelsea,843.0,Jewson Stadium,Gary Parsons,Match Report,
129,,18-19,,,,,,,,,,,,,
130,22.0,18-19,Sat,2019-05-11,12:30,Liverpool,3.0,3–1,0.7,Everton,1842.0,Prenton Park,,Match Report,
131,22.0,18-19,Sat,2019-05-11,12:30,West Ham,0.1,0–4,1.5,Brighton,1412.0,The Rush Green Bowl,,Match Report,
132,22.0,18-19,Sat,2019-05-11,12:30,Arsenal,1.5,1–0,0.8,Manchester City,2200.0,Meadow Park,Rebecca Welch,Match Report,
133,22.0,18-19,Sat,2019-05-11,12:30,Yeovil Town,0.2,0–2,2.6,Birmingham City,463.0,Jewson Stadium,Kirsty Dowle,Match Report,
134,22.0,18-19,Sat,2019-05-11,12:30,Reading,1.5,2–3,3.1,Chelsea,612.0,Adams Park,,Match Report,
0,,16-17,Sat,2017-04-22,,Arsenal,,,,Notts County,,,,Match Report,Match Cancelled
1,,16-17,Sat,2017-04-22,18:00,Bristol City,,1–3,,Reading,1127.0,Ashton Gate Stadium,Robert Massey Ellis,Match Report,
2,,16-17,Sun,2017-04-23,14:00,Yeovil Town,,1–4,,Liverpool,1897.0,Huish Park Stadium,Richard Holme,Match Report,
3,,16-17,Sun,2017-04-23,14:00,Birmingham City,,0–0,,Sunderland,442.0,Damson Park,Timothy Walker,Match Report,
4,,16-17,Fri,2017-04-28,19:00,Liverpool,,4–2,,Reading,466.0,Select Security Stadium,Matt Donohue,Match Report,
5,,16-17,Sat,2017-04-29,,Notts County,,,,Birmingham City,,,,Match Report,Match Cancelled
6,,16-17,Sun,2017-04-30,14:00,Sunderland,,0–0,,Arsenal,577.0,Eppleton Colliery Football Ground,Rebecca Welch,Match Report,
7,,16-17,Sun,2017-04-30,14:00,Chelsea,,6–0,,Yeovil Town,1077.0,Wheatsheaf Park,Ian Fissenden,Match Report,
8,,16-17,Tue,2017-05-02,,Notts County,,,,Sunderland,,,,Match Report,Match Cancelled
9,,16-17,Wed,2017-05-03,19:00,Manchester City,,1–1,,Birmingham City,2440.0,Academy Stadium,Joseph Johnson,Match Report,
10,,16-17,Wed,2017-05-03,19:00,Yeovil Town,,2–3,,Bristol City,312.0,Viridor Stadium,Marc Whaley,Match Report,
11,,16-17,Wed,2017-05-03,19:35,Reading,,0–4,,Chelsea,797.0,Adams Park,Chris O'Donnell,Match Report,
12,,16-17,Thu,2017-05-04,19:30,Arsenal,,4–4,,Liverpool,696.0,The Hive Stadium,David Rock,Match Report,
13,,16-17,Sat,2017-05-06,,Chelsea,,,,Notts County,,,,Match Report,Match Cancelled
14,,16-17,Sat,2017-05-06,18:00,Sunderland,,1–0,,Bristol City,277.0,Eppleton Colliery Football Ground,Helen Conley,Match Report,
15,,16-17,Sun,2017-05-07,14:00,Birmingham City,,0–2,,Liverpool,1110.0,St Andrew's Trillion Trophy Stadium,Robbie Dadley,Match Report,
16,,16-17,Sun,2017-05-07,14:00,Reading,,2–3,,Manchester City,579.0,Adams Park,Paul Forrester,Match Report,
17,,16-17,Sun,2017-05-07,14:00,Yeovil Town,,1–5,,Arsenal,824.0,Viridor Stadium,Scott Jackson,Match Report,
18,,16-17,Tue,2017-05-09,19:00,Bristol City,,0–3,,Manchester City,875.0,Stoke Gifford Stadium,Savvas Yianni,Match Report,
19,,16-17,Wed,2017-05-17,,Notts County,,,,Manchester City,,,,Match Report,Match Cancelled
20,,16-17,Wed,2017-05-17,19:00,Yeovil Town,,0–1,,Reading,356.0,Viridor Stadium,Martin Underhay,Match Report,
21,,16-17,Wed,2017-05-17,19:00,Liverpool,,4–0,,Sunderland,441.0,Select Security Stadium,Martin Woods,Match Report,
22,,16-17,Wed,2017-05-17,19:35,Chelsea,,2–2,,Arsenal,1009.0,Wheatsheaf Park,Aji Ajibola,Match Report,
23,,16-17,Wed,2017-05-17,19:45,Birmingham City,,2–0,,Bristol City,419.0,Damson Park,Sarah Garratt,Match Report,
24,,16-17,Sat,2017-05-20,,Reading,,,,Notts County,,,,Match Report,Match Cancelled
25,,16-17,Sat,2017-05-20,13:00,Arsenal,,4–2,,Birmingham City,1070.0,The Hive Stadium,Neil Morrison,Match Report,
26,,16-17,Sat,2017-05-20,18:00,Bristol City,,1–1,,Liverpool,1142.0,Stoke Gifford Stadium,Adam Ricketts,Match Report,
27,,16-17,Sun,2017-05-21,14:00,Sunderland,,0–7,,Chelsea,775.0,Eppleton Colliery Football Ground,Lucy Oliver,Match Report,
28,,16-17,Sun,2017-05-21,14:00,Manchester City,,5–1,,Yeovil Town,1153.0,Academy Stadium,Paul Graham,Match Report,
29,,16-17,Thu,2017-05-25,19:00,Manchester City,,1–0,,Chelsea,1069.0,Academy Stadium,Simeon Lucas,Match Report,
30,,16-17,Sat,2017-05-27,,Notts County,,,,Bristol City,,,,Match Report,Match Cancelled
31,,16-17,Sun,2017-05-28,12:00,Manchester City,,0–1,,Arsenal,1808.0,Academy Stadium,Anthony Tankard,Match Report,
32,,16-17,Sun,2017-05-28,12:05,Chelsea,,7–0,,Liverpool,1654.0,Wheatsheaf Park,Jakub Myles,Match Report,
33,,16-17,Sun,2017-05-28,14:00,Yeovil Town,,1–2,,Sunderland,331.0,Fairfax Park,Simon Shaw,Match Report,
34,,16-17,Sun,2017-05-28,14:00,Reading,,1–1,,Birmingham City,536.0,Adams Park,Stephen Bates,Match Report,
35,,16-17,Tue,2017-05-30,,Liverpool,,,,Notts County,,,,Match Report,Match Cancelled
36,,16-17,Wed,2017-05-31,19:00,Sunderland,,0–1,,Manchester City,1054.0,Eppleton Colliery Football Ground,Andrew Miller,Match Report,
37,,16-17,Wed,2017-05-31,19:05,Bristol City,,0–4,,Chelsea,823.0,Stoke Gifford Stadium,Richard Hulme,Match Report,
38,,16-17,Wed,2017-05-31,19:30,Arsenal,,1–0,,Reading,870.0,The Hive Stadium,Alan Dale,Match Report,
39,,16-17,Wed,2017-05-31,19:45,Birmingham City,,0–0,,Yeovil Town,625.0,Damson Park,Matthew Law,Match Report,
40,,16-17,Fri,2017-06-02,,Yeovil Town,,,,Notts County,,,,Match Report,Match Cancelled
41,,16-17,Sat,2017-06-03,15:30,Bristol City,,0–5,,Arsenal,1050.0,Stoke Gifford Stadium,Samuel Allison,Match Report,
42,,16-17,Sat,2017-06-03,15:30,Sunderland,,1–1,,Reading,464.0,Eppleton Colliery Football Ground,Paul Brown,Match Report,
43,,16-17,Sat,2017-06-03,15:30,Birmingham City,,0–2,,Chelsea,1171.0,Damson Park,Daniel Middleton,Match Report,
44,,16-17,Sat,2017-06-03,15:30,Liverpool,,1–3,,Manchester City,1508.0,Select Security Stadium,Peter Gibbons,Match Report,
0,1.0,20-21,Sat,2020-09-05,14:30,Aston Villa,0.9,0–2,2.8,Manchester City,,Villa Park,Abigail Bryne,Match Report,
1,1.0,20-21,Sun,2020-09-06,12:30,Arsenal,4.0,6–1,1.0,Reading,,Meadow Park,Amy Fearn,Match Report,
2,1.0,20-21,Sun,2020-09-06,14:00,Tottenham,0.7,1–1,1.1,West Ham,,The Hive Stadium,Kirsty Dowle,Match Report,
3,1.0,20-21,Sun,2020-09-06,14:00,Brighton,1.2,2–0,0.2,Birmingham City,,The People’s Pension Stadium,Rob Whitton,Match Report,
4,1.0,20-21,Sun,2020-09-06,14:00,Bristol City,0.8,0–4,3.2,Everton,,Twerton Park Stadium,Scott Jackson,Match Report,
5,1.0,20-21,Sun,2020-09-06,14:30,Manchester Utd,1.4,1–1,3.2,Chelsea,,Leigh Sports Village Stadium,Rebecca Welch,Match Report,
6,,20-21,,,,,,,,,,,,,
7,2.0,20-21,Sat,2020-09-12,17:20,West Ham,0.1,1–9,3.7,Arsenal,,Chigwell Construction Stadium,Abigail Bryne,Match Report,
8,2.0,20-21,Sun,2020-09-13,12:30,Chelsea,6.6,9–0,0.1,Bristol City,,Cherry Red Records Fans' Stadium,Stacey Pearson,Match Report,
9,2.0,20-21,Sun,2020-09-13,13:00,Everton,1.3,1–0,0.4,Tottenham,,Walton Hall Park,Robert Massey Ellis,Match Report,
10,2.0,20-21,Sun,2020-09-13,14:00,Birmingham City,0.3,2–5,2.5,Manchester Utd,,SportNation.bet Stadium,Lucy Oliver,Match Report,
11,2.0,20-21,Sun,2020-09-13,14:00,Reading,3.6,3–1,1.2,Aston Villa,,Madejski Stadium,Emily Heaslip,Match Report,
12,2.0,20-21,Sun,2020-09-13,14:00,Manchester City,2.0,0–0,0.3,Brighton,,Academy Stadium,Helen Conley,Match Report,
13,,20-21,,,,,,,,,,,,,
14,3.0,20-21,Sat,2020-10-03,12:30,Aston Villa,0.8,0–6,2.4,Everton,,The Banks's Stadium,Kirsty Dowle,Match Report,
15,3.0,20-21,Sun,2020-10-04,12:00,Manchester Utd,4.5,3–0,0.5,Brighton,,Leigh Sports Village Stadium,Elliot Swallow,Match Report,
16,3.0,20-21,Sun,2020-10-04,12:30,Manchester City,2.8,4–1,0.2,Tottenham,,Academy Stadium,Stacey Pearson,Match Report,
17,3.0,20-21,Sun,2020-10-04,14:00,Arsenal,3.2,3–1,0.1,Bristol City,,Meadow Park,Jack Packman,Match Report,
18,3.0,20-21,Sun,2020-10-04,14:30,Birmingham City,0.1,0–1,1.3,Chelsea,,SportNation.bet Stadium,Abigail Bryne,Match Report,
19,3.0,20-21,Sun,2020-10-04,15:00,West Ham,1.4,0–1,1.3,Reading,,Chigwell Construction Stadium,Rob Whitton,Match Report,
20,,20-21,,,,,,,,,,,,,
21,4.0,20-21,Sat,2020-10-10,12:30,Tottenham,0.2,0–1,1.6,Manchester Utd,,The Hive Stadium,Amy Fearn,Match Report,
22,4.0,20-21,Sun,2020-10-11,12:30,Brighton,0.6,0–5,2.3,Arsenal,,The People’s Pension Stadium,Kirsty Dowle,Match Report,
23,4.0,20-21,Sun,2020-10-11,13:00,Everton,2.2,3–1,0.7,West Ham,,Walton Hall Park,Edward Duckworth,Match Report,
24,4.0,20-21,Sun,2020-10-11,14:00,Reading,1.6,0–1,0.5,Birmingham City,,Madejski Stadium,Sarah Garratt,Match Report,
25,4.0,20-21,Sun,2020-10-11,14:30,Chelsea,2.7,3–1,1.2,Manchester City,,Cherry Red Records Fans' Stadium,Rebecca Welch,Match Report,
26,,20-21,,,,,,,,,,,,,
27,5.0,20-21,Sun,2020-10-18,12:30,West Ham,0.4,2–4,3.4,Manchester Utd,,Chigwell Construction Stadium,Ryan Atkin,Match Report,
28,5.0,20-21,Sun,2020-10-18,13:00,Everton,1.7,2–2,0.8,Brighton,,Walton Hall Park,Lucy Oliver,Match Report,
29,5.0,20-21,Sun,2020-10-18,14:00,Reading,0.2,1–1,1.8,Manchester City,,Madejski Stadium,Savvas Yianni,Match Report,
30,5.0,20-21,Sun,2020-10-18,14:00,Bristol City,0.4,0–4,2.1,Birmingham City,,Twerton Park Stadium,Helen Conley,Match Report,
31,5.0,20-21,Sun,2020-10-18,14:30,Arsenal,2.8,6–1,1.2,Tottenham,,Meadow Park,Abigail Bryne,Match Report,
32,,20-21,,,,,,,,,,,,,
33,6.0,20-21,Sat,2020-11-07,14:00,Tottenham,0.8,1–1,1.6,Reading,,The Hive Stadium,Helen Conley,Match Report,
34,6.0,20-21,Sat,2020-11-07,15:00,Manchester City,4.4,8–1,0.5,Bristol City,,Academy Stadium,Christiana Hattersley,Match Report,
35,6.0,20-21,Sun,2020-11-08,12:00,Chelsea,2.0,4–0,0.7,Everton,,Cherry Red Records Fans' Stadium,Abigail Bryne,Match Report,
36,6.0,20-21,Sun,2020-11-08,14:00,Birmingham City,0.7,1–2,0.9,West Ham,,SportNation.bet Stadium,Richie Watkins,Match Report,
37,6.0,20-21,Sun,2020-11-08,14:00,Brighton,0.5,0–2,0.7,Aston Villa,,The People’s Pension Stadium,Stacey Pearson,Match Report,
38,6.0,20-21,Sun,2020-11-08,14:30,Manchester Utd,1.4,1–0,0.5,Arsenal,,Leigh Sports Village Stadium,Peter Shacklady,Match Report,
39,,20-21,,,,,,,,,,,,,
40,7.0,20-21,Sat,2020-11-14,12:30,Manchester Utd,1.2,2–2,1.7,Manchester City,,Leigh Sports Village Stadium,Amy Fearn,Match Report,
41,7.0,20-21,Sat,2020-11-14,14:30,Aston Villa,0.7,0–1,0.9,Birmingham City,,The Banks's Stadium,Rebecca Welch,Match Report,
42,7.0,20-21,Sat,2020-11-14,16:30,Everton,1.5,1–1,0.3,Reading,,Walton Hall Park,Emily Heaslip,Match Report,
43,7.0,20-21,Sat,2020-11-14,18:30,Bristol City,1.5,2–2,0.8,Tottenham,,Twerton Park Stadium,Lisa Benn,Match Report,
44,7.0,20-21,Sun,2020-11-15,12:30,West Ham,1.4,0–1,0.7,Brighton,,Chigwell Construction Stadium,Abigail Bryne,Match Report,
45,7.0,20-21,Sun,2020-11-15,14:30,Arsenal,1.5,1–1,1.0,Chelsea,,Meadow Park,Kirsty Dowle,Match Report,
46,,20-21,,,,,,,,,,,,,
47,8.0,20-21,Sat,2020-12-05,12:30,Aston Villa,0.8,0–2,1.9,Manchester Utd,,The Banks's Stadium,Abigail Bryne,Match Report,
48,8.0,20-21,Sun,2020-12-06,12:30,Chelsea,3.3,3–2,1.1,West Ham,266.0,Cherry Red Records Fans' Stadium,Rebecca Welch,Match Report,
49,8.0,20-21,Sun,2020-12-06,14:00,Arsenal,3.6,3–0,0.1,Birmingham City,,Meadow Park,Christiana Hattersley,Match Report,
50,8.0,20-21,Sun,2020-12-06,14:00,Tottenham,2.4,3–1,1.6,Brighton,,The Hive Stadium,Emily Heaslip,Match Report,
51,8.0,20-21,Sun,2020-12-06,14:00,Reading,2.7,1–1,1.0,Bristol City,,Madejski Stadium,Lucy Oliver,Match Report,
52,8.0,20-21,Sun,2020-12-06,14:30,Everton,0.5,0–3,2.4,Manchester City,,Walton Hall Park,Stacey Pearson,Match Report,
53,,20-21,,,,,,,,,,,,,
54,4.0,20-21,Wed,2020-12-09,19:30,Bristol City,0.5,0–4,1.6,Aston Villa,,Twerton Park Stadium,Amy Fearn,Match Report,
55,,20-21,,,,,,,,,,,,,
56,9.0,20-21,Sun,2020-12-13,12:30,Reading,0.5,1–2,1.9,Manchester Utd,,Madejski Stadium,Helen Conley,Match Report,
57,9.0,20-21,Sun,2020-12-13,14:00,Bristol City,0.4,0–4,2.0,West Ham,,Twerton Park Stadium,Jane Simms,Match Report,
58,9.0,20-21,Sun,2020-12-13,14:00,Brighton,0.1,0–1,0.7,Chelsea,457.0,The People’s Pension Stadium,Lisa Benn,Match Report,
59,9.0,20-21,Sun,2020-12-13,14:00,Tottenham,1.8,3–1,0.5,Aston Villa,,The Hive Stadium,Sarah Garratt,Match Report,
60,9.0,20-21,Sun,2020-12-13,14:30,Manchester City,1.8,2–1,0.1,Arsenal,,Academy Stadium,Emily Heaslip,Match Report,
61,,20-21,,,,,,,,,,,,,
62,10.0,20-21,Sun,2020-12-20,12:00,Manchester Utd,1.8,6–1,0.9,Bristol City,,Leigh Sports Village Stadium,Lisa Benn,Match Report,
63,10.0,20-21,Sun,2020-12-20,12:30,Arsenal,3.2,4–0,0.2,Everton,,Meadow Park,Helen Conley,Match Report,
64,10.0,20-21,Sun,2020-12-20,14:30,Brighton,1.6,1–3,0.9,Reading,365.0,The People’s Pension Stadium,Abigail Bryne,Match Report,
65,,20-21,,,,,,,,,,,,,
66,11.0,20-21,Sun,2021-01-10,14:00,Reading,0.2,0–5,1.8,Chelsea,,Madejski Stadium,Abigail Bryne,Match Report,
67,11.0,20-21,Sun,2021-01-10,14:00,Tottenham,,0–0,,Birmingham City,,The Hive Stadium,Jane Simms,Match Report,Match awarded to Tottenham
68,,20-21,,,,,,,,,,,,,
69,12.0,20-21,Sun,2021-01-17,12:30,Manchester City,3.8,7–0,0.3,Aston Villa,,Academy Stadium,Amy Fearn,Match Report,
70,12.0,20-21,Sun,2021-01-17,13:00,Everton,2.4,4–0,0.8,Bristol City,,Walton Hall Park,Christiana Hattersley,Match Report,
71,12.0,20-21,Sun,2021-01-17,14:00,Reading,0.3,1–1,2.9,Arsenal,,Madejski Stadium,Lisa Benn,Match Report,
72,12.0,20-21,Sun,2021-01-17,14:00,Birmingham City,0.3,0–0,1.0,Brighton,,SportNation.bet Stadium,Helen Conley,Match Report,
73,12.0,20-21,Sun,2021-01-17,14:30,Chelsea,2.0,2–1,0.2,Manchester Utd,,Cherry Red Records Fans' Stadium,Rebecca Welch,Match Report,
74,12.0,20-21,Sun,2021-01-17,15:00,West Ham,0.9,0–1,0.9,Tottenham,,Chigwell Construction Stadium,Lucy Oliver,Match Report,
75,,20-21,,,,,,,,,,,,,
76,13.0,20-21,Sat,2021-01-23,12:30,Aston Villa,0.8,2–2,2.2,Reading,,The Banks's Stadium,Kirsty Dowle,Match Report,
77,13.0,20-21,Sun,2021-01-24,12:00,Manchester Utd,3.1,2–0,0.0,Birmingham City,,Leigh Sports Village Stadium,Stacey Pearson,Match Report,
78,13.0,20-21,Sun,2021-01-24,14:00,Brighton,0.2,1–7,4.2,Manchester City,,The People’s Pension Stadium,Lisa Benn,Match Report,
79,,20-21,,,,,,,,,,,,,
80,5.0,20-21,Wed,2021-01-27,19:00,Aston Villa,0.4,0–4,1.7,Chelsea,,The Banks's Stadium,Helen Conley,Match Report,
81,,20-21,,,,,,,,,,,,,
82,11.0,20-21,Sat,2021-01-30,14:00,Bristol City,1.6,3–0,0.4,Brighton,,Twerton Park Stadium,Lucy Oliver,Match Report,
83,,20-21,,,,,,,,,,,,,
84,10.0,20-21,Sun,2021-01-31,12:30,Chelsea,2.5,4–0,0.5,Tottenham,,Cherry Red Records Fans' Stadium,Sarah Garratt,Match Report,
85,,20-21,,,,,,,,,,,,,
86,11.0,20-21,Sun,2021-01-31,14:00,Manchester City,3.4,4–0,0.1,West Ham,,Academy Stadium,Jane Simms,Match Report,
87,11.0,20-21,Sun,2021-01-31,14:30,Everton,0.3,0–2,1.5,Manchester Utd,,Walton Hall Park,Kirsty Dowle,Match Report,
88,,20-21,,,,,,,,,,,,,
89,14.0,20-21,Sat,2021-02-06,12:30,Aston Villa,0.3,1–0,0.4,Tottenham,,The Banks's Stadium,Jane Simms,Match Report,
90,14.0,20-21,Sun,2021-02-07,12:30,Manchester Utd,1.3,0–2,1.7,Reading,,Leigh Sports Village Stadium,Edward Duckworth,Match Report,
91,14.0,20-21,Sun,2021-02-07,14:00,Chelsea,2.0,1–2,0.8,Brighton,,Cherry Red Records Fans' Stadium,Christiana Hattersley,Match Report,
92,14.0,20-21,Sun,2021-02-07,14:00,Everton,0.8,1–1,1.1,Birmingham City,,Walton Hall Park,Lisa Benn,Match Report,
93,14.0,20-21,Sun,2021-02-07,14:30,Arsenal,0.6,1–2,1.9,Manchester City,,Meadow Park,Kirsty Dowle,Match Report,
94,14.0,20-21,Sun,2021-02-07,15:00,West Ham,0.3,1–1,1.3,Bristol City,,Chigwell Construction Stadium,Sarah Garratt,Match Report,
95,,20-21,,,,,,,,,,,,,
96,15.0,20-21,Wed,2021-02-10,19:00,Brighton,1.6,1–0,0.5,West Ham,,The People’s Pension Stadium,Isaac Searle,Match Report,
97,15.0,20-21,Wed,2021-02-10,19:00,Chelsea,1.2,3–0,0.9,Arsenal,,Cherry Red Records Fans' Stadium,Amy Fearn,Match Report,
98,15.0,20-21,Fri,2021-02-12,19:00,Manchester City,1.3,3–0,0.5,Manchester Utd,,Academy Stadium,Abigail Bryne,Match Report,
99,15.0,20-21,Sun,2021-02-14,14:00,Reading,1.7,1–1,0.5,Everton,,Madejski Stadium,Stacey Pearson,Match Report,
100,,20-21,,,,,,,,,,,,,
101,13.0,20-21,Sun,2021-02-14,15:00,Bristol City,0.1,0–5,3.4,Chelsea,,Twerton Park Stadium,Emily Heaslip,Match Report,
102,,20-21,,,,,,,,,,,,,
103,10.0,20-21,Sun,2021-02-28,14:00,Birmingham City,0.1,0–4,1.3,Manchester City,,SportNation.bet Stadium,Helen Conley,Match Report,
104,,20-21,,,,,,,,,,,,,
105,11.0,20-21,Sun,2021-02-28,14:00,Aston Villa,0.3,0–4,2.6,Arsenal,,The Banks's Stadium,Lisa Benn,Match Report,
106,,20-21,,,,,,,,,,,,,
107,13.0,20-21,Sun,2021-02-28,14:00,Tottenham,0.7,2–3,2.4,Everton,,The Hive Stadium,Abigail Bryne,Match Report,
108,,20-21,,,,,,,,,,,,,
109,16.0,20-21,Sun,2021-03-07,12:00,Manchester Utd,1.0,3–0,0.0,Aston Villa,,Leigh Sports Village Stadium,Helen Conley,Match Report,
110,16.0,20-21,Sun,2021-03-07,14:00,Manchester City,1.2,1–0,0.1,Everton,,Academy Stadium,Sarah Garratt,Match Report,
111,16.0,20-21,Sun,2021-03-07,14:00,Brighton,0.4,2–0,1.2,Tottenham,,The People’s Pension Stadium,Stacey Pearson,Match Report,
112,16.0,20-21,Sun,2021-03-07,14:00,Birmingham City,0.1,0–4,3.6,Arsenal,,SportNation.bet Stadium,Jane Simms,Match Report,
113,16.0,20-21,Sun,2021-03-07,15:00,West Ham,0.5,0–2,2.9,Chelsea,,Chigwell Construction Stadium,Rob Whitton,Match Report,
114,16.0,20-21,Mon,2021-03-08,20:15,Bristol City,0.9,3–2,1.9,Reading,,Twerton Park Stadium,Rebecca Welch,Match Report,
115,,20-21,,,,,,,,,,,,,
116,9.0,20-21,Thu,2021-03-11,19:00,Birmingham City,0.3,0–4,1.1,Everton,,SportNation.bet Stadium,Lisa Benn,Match Report,
117,,20-21,,,,,,,,,,,,,
118,17.0,20-21,Sun,2021-03-14,12:30,Reading,0.9,0–0,0.8,Tottenham,,Madejski Stadium,Christiana Hattersley,Match Report,
119,17.0,20-21,Wed,2021-03-17,19:00,Everton,0.5,0–3,3.4,Chelsea,,Walton Hall Park,Emily Heaslip,Match Report,
120,17.0,20-21,Wed,2021-03-17,19:30,West Ham,1.3,2–2,1.1,Birmingham City,,Chigwell Construction Stadium,Stacey Pearson,Match Report,
121,17.0,20-21,Wed,2021-03-17,19:30,Aston Villa,0.8,0–2,1.7,Brighton,,The Banks's Stadium,Rebecca Welch,Match Report,
122,17.0,20-21,Wed,2021-03-17,19:30,Bristol City,0.3,0–3,2.3,Manchester City,,Twerton Park Stadium,Scott Jackson,Match Report,
123,17.0,20-21,Fri,2021-03-19,18:30,Arsenal,0.9,2–0,0.8,Manchester Utd,,Meadow Park,Amy Fearn,Match Report,
124,,20-21,,,,,,,,,,,,,
125,15.0,20-21,Sun,2021-03-21,14:00,Tottenham,1.5,1–1,0.5,Bristol City,,The Hive Stadium,Jane Simms,Match Report,
126,,20-21,,,,,,,,,,,,,
127,18.0,20-21,Sat,2021-03-27,11:30,Manchester Utd,2.0,2–0,0.5,West Ham,,Leigh Sports Village Stadium,Lisa Benn,Match Report,
128,18.0,20-21,Sat,2021-03-27,15:30,Tottenham,1.1,0–3,1.8,Arsenal,,The Hive Stadium,Helen Conley,Match Report,
129,18.0,20-21,Sat,2021-03-27,17:30,Manchester City,2.3,1–0,0.2,Reading,,Academy Stadium,Stacey Pearson,Match Report,
130,18.0,20-21,Sun,2021-03-28,12:30,Brighton,0.3,0–5,3.0,Everton,,Twerton Park Stadium,Christiana Hattersley,Match Report,
131,18.0,20-21,Sun,2021-03-28,14:30,Chelsea,1.1,2–0,0.0,Aston Villa,,Cherry Red Records Fans' Stadium,Sarah Garratt,Match Report,
132,18.0,20-21,Sun,2021-03-28,16:00,Birmingham City,0.6,1–1,1.1,Bristol City,,SportNation.bet Stadium,Kirsty Dowle,Match Report,
133,,20-21,,,,,,,,,,,,,
134,19.0,20-21,Sat,2021-04-03,14:00,Reading,0.5,0–5,2.2,West Ham,,Madejski Stadium,Kirsty Dowle,Match Report,
135,19.0,20-21,Sun,2021-04-04,12:30,Chelsea,3.2,6–0,0.4,Birmingham City,,Cherry Red Records Fans' Stadium,Jane Simms,Match Report,
136,19.0,20-21,Sun,2021-04-04,13:00,Everton,2.2,3–1,0.4,Aston Villa,,Walton Hall Park,Stacey Pearson,Match Report,
137,19.0,20-21,Sun,2021-04-04,14:00,Bristol City,0.1,0–4,3.6,Arsenal,,Twerton Park Stadium,Sarah Garratt,Match Report,
138,19.0,20-21,Sun,2021-04-04,14:00,Tottenham,0.1,0–3,1.7,Manchester City,,The Hive Stadium,Amy Fearn,Match Report,
139,19.0,20-21,Sun,2021-04-04,14:00,Brighton,1.2,1–0,1.2,Manchester Utd,,The People’s Pension Stadium,Abigail Bryne,Match Report,
140,,20-21,,,,,,,,,,,,,
141,10.0,20-21,Tue,2021-04-20,18:00,West Ham,0.4,0–0,0.0,Aston Villa,,Chigwell Construction Stadium,Amy Fearn,Match Report,
142,,20-21,,,,,,,,,,,,,
143,20.0,20-21,Wed,2021-04-21,18:00,Manchester City,1.5,2–2,1.6,Chelsea,,Academy Stadium,Rebecca Welch,Match Report,
144,20.0,20-21,Sat,2021-04-24,12:30,Aston Villa,1.2,2–2,0.5,Bristol City,,The Banks's Stadium,Emily Heaslip,Match Report,
145,20.0,20-21,Sun,2021-04-25,12:30,Manchester Utd,2.4,4–1,0.1,Tottenham,,Leigh Sports Village Stadium,Christiana Hattersley,Match Report,
146,20.0,20-21,Sun,2021-04-25,14:00,Arsenal,1.4,2–0,0.2,Brighton,,Meadow Park,Lisa Benn,Match Report,
147,20.0,20-21,Sun,2021-04-25,14:00,Birmingham City,1.2,1–1,0.7,Reading,,SportNation.bet Stadium,Lucy May,Match Report,
148,20.0,20-21,Sun,2021-04-25,15:00,West Ham,1.7,0–0,1.1,Everton,,Chigwell Construction Stadium,Helen Conley,Match Report,
149,,20-21,,,,,,,,,,,,,
150,15.0,20-21,Wed,2021-04-28,19:00,Birmingham City,0.4,1–1,1.0,Aston Villa,,SportNation.bet Stadium,Jane Simms,Match Report,
151,,20-21,,,,,,,,,,,,,
152,13.0,20-21,Wed,2021-04-28,19:30,Arsenal,1.9,2–0,0.3,West Ham,,Meadow Park,Emily Heaslip,Match Report,
153,,20-21,,,,,,,,,,,,,
154,21.0,20-21,Sun,2021-05-02,12:30,Aston Villa,0.5,0–0,1.6,West Ham,,The Banks's Stadium,Rebecca Welch,Match Report,
155,21.0,20-21,Sun,2021-05-02,13:00,Everton,0.4,1–2,1.9,Arsenal,,Walton Hall Park,Sarah Garratt,Match Report,
156,21.0,20-21,Sun,2021-05-02,14:00,Bristol City,1.0,0–1,2.1,Manchester Utd,,Twerton Park Stadium,Lisa Benn,Match Report,
157,21.0,20-21,Sun,2021-05-02,14:00,Reading,1.8,3–2,0.5,Brighton,,Madejski Stadium,Jane Simms,Match Report,
158,21.0,20-21,Sun,2021-05-02,15:00,Manchester City,3.8,4–0,0.0,Birmingham City,,Academy Stadium,Emily Heaslip,Match Report,
159,21.0,20-21,Wed,2021-05-05,17:30,Tottenham,0.2,0–2,3.5,Chelsea,,The Hive Stadium,Amy Fearn,Match Report,
160,,20-21,,,,,,,,,,,,,
161,22.0,20-21,Sun,2021-05-09,14:30,Birmingham City,0.2,0–1,0.6,Tottenham,,SportNation.bet Stadium,Lisa Benn,Match Report,
162,22.0,20-21,Sun,2021-05-09,14:30,Chelsea,2.4,5–0,0.3,Reading,,Cherry Red Records Fans' Stadium,Stacey Pearson,Match Report,
163,22.0,20-21,Sun,2021-05-09,14:30,West Ham,0.5,0–1,4.7,Manchester City,,Chigwell Construction Stadium,Kirsty Dowle,Match Report,
164,22.0,20-21,Sun,2021-05-09,14:30,Brighton,1.6,3–1,1.0,Bristol City,,The People’s Pension Stadium,Amy Fearn,Match Report,
165,22.0,20-21,Sun,2021-05-09,14:30,Manchester Utd,1.0,2–0,0.7,Everton,,Leigh Sports Village Stadium,Louise Saunders,Match Report,
166,22.0,20-21,Sun,2021-05-09,14:30,Arsenal,1.2,0–0,0.2,Aston Villa,,Meadow Park,Abigail Bryne,Match Report,
0,,19-20,Sat,2019-09-07,15:00,Manchester City,0.5,1–0,1.1,Manchester Utd,31213.0,Etihad Stadium,Rebecca Welch,Match Report,
1,,19-20,Sat,2019-09-07,15:00,Bristol City,0.4,0–0,2.1,Brighton,3041.0,Stoke Gifford Stadium,Abigail Bryne,Match Report,
2,,19-20,Sun,2019-09-08,12:30,Chelsea,1.3,1–0,0.3,Tottenham,24564.0,Stamford Bridge,Jack Packman,Match Report,
3,,19-20,Sun,2019-09-08,14:00,Birmingham City,0.7,0–1,0.8,Everton,873.0,Damson Park,Elliot Swallow,Match Report,
4,,19-20,Sun,2019-09-08,14:00,Liverpool,0.5,0–1,1.0,Reading,1445.0,Prenton Park,Samuel Barrott,Match Report,
5,,19-20,Sun,2019-09-08,14:30,Arsenal,2.6,2–1,0.8,West Ham,1795.0,Meadow Park,Stacey Pearson,Match Report,
6,,19-20,Sun,2019-09-15,12:30,Reading,0.2,0–2,2.3,Manchester City,897.0,Adams Park,Stacey Pearson,Match Report,
7,,19-20,Sun,2019-09-15,12:30,Everton,1.4,2–0,1.0,Bristol City,441.0,Haig Avenue,Amy Fearn,Match Report,
8,,19-20,Sun,2019-09-15,14:00,Tottenham,1.6,1–0,0.3,Liverpool,996.0,The Hive Stadium,Ryan Atkin,Match Report,
9,,19-20,Sun,2019-09-15,14:00,Brighton,0.4,1–1,1.7,Chelsea,1352.0,Checkatrade.com Stadium,Lee Collins,Match Report,
10,,19-20,Sun,2019-09-15,15:00,West Ham,1.4,1–0,0.9,Birmingham City,1297.0,Rush Green Stadium,Paul Howard,Match Report,
11,,19-20,Mon,2019-09-16,19:30,Manchester Utd,0.6,0–1,1.9,Arsenal,2530.0,Leigh Sports Village Stadium,Abigail Bryne,Match Report,
12,,19-20,Sat,2019-09-28,12:00,Manchester Utd,3.2,2–0,0.5,Liverpool,2813.0,Leigh Sports Village Stadium,Lucy Oliver,Match Report,
13,,19-20,Sun,2019-09-29,12:30,Arsenal,1.5,4–0,0.1,Brighton,1607.0,Meadow Park,Elliot Swallow,Match Report,
14,,19-20,Sun,2019-09-29,12:30,Everton,0.6,0–1,1.5,Manchester City,378.0,Meadow Park,Lewis Smith,Match Report,
15,,19-20,Sun,2019-09-29,14:30,West Ham,2.1,0–2,0.9,Tottenham,24790.0,Rush Green Stadium,Abigail Bryne,Match Report,
16,,19-20,Sun,2019-09-29,15:00,Bristol City,0.0,0–4,2.9,Chelsea,986.0,Stoke Gifford Stadium,Lisa Benn,Match Report,
17,,19-20,Sat,2019-10-12,14:00,Manchester City,3.5,3–0,0.3,Birmingham City,1834.0,Academy Stadium,Helen Conley,Match Report,
18,,19-20,Sun,2019-10-13,12:00,Liverpool,1.5,1–1,0.3,Bristol City,924.0,Prenton Park,Martin Woods,Match Report,
19,,19-20,Sun,2019-10-13,12:30,Tottenham,0.8,0–3,3.0,Manchester Utd,1299.0,The Hive Stadium,Kirsty Dowle,Match Report,
20,,19-20,Sun,2019-10-13,14:00,Brighton,2.0,1–3,2.2,West Ham,849.0,Checkatrade.com Stadium,Lisa Benn,Match Report,
21,,19-20,Sun,2019-10-13,14:00,Reading,1.8,3–2,2.3,Everton,616.0,Adams Park,Alan Dale,Match Report,
22,,19-20,Sun,2019-10-13,15:00,Chelsea,1.4,2–1,0.4,Arsenal,4149.0,Cherry Red Records Fans' Stadium,Rebecca Welch,Match Report,
23,,19-20,Sun,2019-10-27,12:30,Everton,0.8,2–0,1.6,Brighton,331.0,Haig Avenue,Jane Simms,Match Report,
24,,19-20,Sun,2019-10-27,12:30,Manchester Utd,0.9,2–0,0.4,Reading,1997.0,Leigh Sports Village Stadium,Helen Conley,Match Report,
25,,19-20,Sun,2019-10-27,14:00,Birmingham City,0.9,2–0,0.5,Liverpool,1056.0,Damson Park,Lisa Benn,Match Report,
26,,19-20,Sun,2019-10-27,14:30,Arsenal,1.1,1–0,0.3,Manchester City,2424.0,Meadow Park,Rebecca Welch,Match Report,
27,,19-20,Sun,2019-10-27,15:00,Bristol City,0.7,1–2,2.2,Tottenham,639.0,Stoke Gifford Stadium,Daniel Lamport,Match Report,
28,,19-20,Sun,2019-10-27,15:00,West Ham,1.6,1–3,1.7,Chelsea,2122.0,Rush Green Stadium,Rob Whitton,Match Report,
29,,19-20,Sun,2019-11-17,12:30,Manchester City,3.0,5–0,0.7,West Ham,2145.0,Academy Stadium,Stacey Pearson,Match Report,
30,,19-20,Sun,2019-11-17,14:00,Reading,3.6,3–3,1.4,Bristol City,1420.0,Adams Park,Kirsty Dowle,Match Report,
31,,19-20,Sun,2019-11-17,14:00,Brighton,2.4,3–0,0.5,Birmingham City,4130.0,Checkatrade.com Stadium,Helen Conley,Match Report,
32,,19-20,Sun,2019-11-17,14:00,Chelsea,1.5,1–0,0.4,Manchester Utd,4790.0,Cherry Red Records Fans' Stadium,Jack Packman,Match Report,
33,,19-20,Sun,2019-11-17,15:00,Tottenham,0.7,0–2,1.4,Arsenal,38262.0,The Hive Stadium,Abigail Bryne,Match Report,
34,,19-20,Sun,2019-11-17,15:00,Liverpool,0.9,0–1,0.9,Everton,23500.0,Prenton Park,Amy Fearn,Match Report,
35,,19-20,Sun,2019-11-24,12:00,Manchester Utd,4.5,4–0,0.1,Brighton,1707.0,Leigh Sports Village Stadium,Steven Copeland,Match Report,
36,,19-20,Sun,2019-11-24,12:30,Bristol City,1.1,0–5,1.9,Manchester City,1212.0,Stoke Gifford Stadium,Lucy Oliver,Match Report,
37,,19-20,Sun,2019-11-24,12:30,Everton,2.1,3–1,0.6,Tottenham,150.0,Walton Hall Park,Michael Barlow,Match Report,
38,,19-20,Sun,2019-11-24,14:00,Arsenal,1.2,1–0,0.4,Liverpool,2017.0,Meadow Park,Elizabeth Simms,Match Report,
39,,19-20,Sun,2019-11-24,14:45,Birmingham City,0.2,0–6,2.7,Chelsea,1159.0,Damson Park,Richard Walker,Match Report,
40,,19-20,Sun,2019-11-24,15:00,West Ham,0.9,2–3,1.3,Reading,1392.0,Rush Green Stadium,Lloyd Wood,Match Report,
41,,19-20,Fri,2019-11-29,19:45,Brighton,1.2,2–2,1.7,Reading,510.0,Checkatrade.com Stadium,Matthew Russell,Match Report,
42,,19-20,Sun,2019-12-01,12:30,Arsenal,8.3,11–1,1.1,Bristol City,1513.0,Meadow Park,Helen Conley,Match Report,
43,,19-20,Sun,2019-12-01,14:00,Manchester City,1.5,1–0,1.1,Liverpool,2293.0,Academy Stadium,Kirsty Dowle,Match Report,
44,,19-20,Sun,2019-12-01,15:00,West Ham,0.4,3–2,1.2,Manchester Utd,1736.0,Rush Green Stadium,Amy Fearn,Match Report,
45,,19-20,Wed,2019-12-04,19:30,Birmingham City,0.8,1–1,1.8,Tottenham,304.0,Damson Park,Jane Simms,Match Report,
46,,19-20,Sun,2019-12-08,12:00,Chelsea,2.4,2–1,0.6,Manchester City,3498.0,Cherry Red Records Fans' Stadium,Amy Fearn,Match Report,
47,,19-20,Sun,2019-12-08,12:00,Manchester Utd,2.2,3–1,0.6,Everton,1805.0,Leigh Sports Village Stadium,Joe Hull,Match Report,
48,,19-20,Sun,2019-12-08,14:00,Tottenham,2.0,1–0,0.8,Brighton,571.0,The Hive Stadium,Emily Heaslip,Match Report,
49,,19-20,Sun,2019-12-08,14:00,Liverpool,1.9,1–1,1.0,West Ham,565.0,Prenton Park,Peter Gibbons,Match Report,
50,,19-20,Sun,2019-12-08,14:30,Reading,1.4,0–3,1.7,Arsenal,943.0,Adams Park,Richard Holme,Match Report,
51,,19-20,Sun,2019-12-08,15:00,Bristol City,0.4,0–2,0.6,Birmingham City,404.0,Stoke Gifford Stadium,Samuel Allison,Match Report,
52,,19-20,Sun,2019-12-15,12:30,Manchester City,3.6,5–0,0.4,Brighton,1173.0,Academy Stadium,Lucy Oliver,Match Report,
53,,19-20,Sun,2019-12-15,12:30,Everton,0.7,1–3,3.5,Arsenal,451.0,Walton Hall Park,Ben Speedie,Match Report,
54,,19-20,Sun,2019-12-15,14:00,Reading,4.3,3–1,0.4,Tottenham,715.0,Adams Park,Stacey Pearson,Match Report,
55,,19-20,Sun,2019-12-15,14:00,Liverpool,0.5,1–1,2.9,Chelsea,540.0,Prenton Park,Louise Saunders,Match Report,
56,,19-20,Sun,2020-01-05,12:00,Manchester Utd,2.4,0–1,0.2,Bristol City,2021.0,Leigh Sports Village Stadium,Lucy Oliver,Match Report,
57,,19-20,Sun,2020-01-05,12:30,Chelsea,4.0,3–1,1.3,Reading,2828.0,Cherry Red Records Fans' Stadium,Stacey Pearson,Match Report,
58,,19-20,Sun,2020-01-05,14:00,Brighton,0.7,1–0,1.1,Liverpool,947.0,Checkatrade.com Stadium,Amy Fearn,Match Report,
59,,19-20,Sun,2020-01-05,14:00,Tottenham,1.3,1–4,3.9,Manchester City,1056.0,The Hive Stadium,Helen Conley,Match Report,
60,,19-20,Sun,2020-01-05,14:00,Arsenal,2.7,2–0,0.3,Birmingham City,2106.0,Meadow Park,Elizabeth Simms,Match Report,
61,,19-20,Sat,2020-01-11,17:30,Manchester City,3.1,3–1,0.2,Everton,1681.0,Academy Stadium,Amy Fearn,Match Report,
62,,19-20,Sun,2020-01-12,12:00,Liverpool,,,,Manchester Utd,,Prenton Park,,Match Report,Match Cancelled
63,,19-20,Sun,2020-01-12,12:30,Brighton,0.2,0–4,2.0,Arsenal,1312.0,Checkatrade.com Stadium,Kirsty Dowle,Match Report,
64,,19-20,Sun,2020-01-12,14:00,Chelsea,5.2,6–1,0.3,Bristol City,2866.0,Cherry Red Records Fans' Stadium,Emily Heaslip,Match Report,
65,,19-20,Sun,2020-01-12,14:00,Tottenham,1.2,2–1,0.5,West Ham,855.0,The Hive Stadium,Lucy Oliver,Match Report,
66,,19-20,Sun,2020-01-12,14:00,Reading,1.2,1–0,0.6,Birmingham City,733.0,Adams Park,Tom Bishop,Match Report,
67,,19-20,Sun,2020-01-19,12:00,Manchester Utd,2.7,3–0,0.9,Tottenham,1836.0,Leigh Sports Village Stadium,Edward Duckworth,Match Report,
68,,19-20,Sun,2020-01-19,12:00,Birmingham City,0.2,0–2,2.9,Manchester City,1197.0,Damson Park,Helen Conley,Match Report,
69,,19-20,Sun,2020-01-19,14:00,Everton,2.0,3–1,1.1,Reading,,Walton Hall Park,Peter Shacklady,Match Report,
70,,19-20,Sun,2020-01-19,14:00,Arsenal,0.7,1–4,2.2,Chelsea,4000.0,Meadow Park,Abigail Bryne,Match Report,
71,,19-20,Sun,2020-01-19,15:00,Bristol City,1.3,0–1,1.4,Liverpool,1007.0,Stoke Gifford Stadium,Savvas Yianni,Match Report,
72,,19-20,Sun,2020-01-19,15:00,West Ham,1.8,2–1,2.1,Brighton,1799.0,Rush Green Stadium,Ryan Atkin,Match Report,
73,,19-20,Sun,2020-02-02,12:00,Liverpool,,,,Birmingham City,,Prenton Park,,Match Report,Match Cancelled
74,,19-20,Sun,2020-02-02,14:00,Reading,1.8,1–1,0.4,Manchester Utd,1256.0,Adams Park,Kirsty Dowle,Match Report,
75,,19-20,Sun,2020-02-02,14:00,Chelsea,6.5,8–0,0.2,West Ham,3304.0,Cherry Red Records Fans' Stadium,Amy Fearn,Match Report,
76,,19-20,Sun,2020-02-02,14:00,Manchester City,0.5,2–1,2.1,Arsenal,3664.0,Academy Stadium,Stacey Pearson,Match Report,
77,,19-20,Sun,2020-02-02,14:00,Brighton,1.2,1–0,0.6,Everton,830.0,Checkatrade.com Stadium,Abigail Bryne,Match Report,
78,,19-20,Sun,2020-02-09,14:00,Birmingham City,,,,Brighton,,Damson Park,,Match Report,Match Cancelled
79,,19-20,Sun,2020-02-09,15:00,Bristol City,,,,Reading,,Stoke Gifford Stadium,,Match Report,Match Cancelled
80,,19-20,Wed,2020-02-12,19:00,Chelsea,2.1,2–0,0.1,Birmingham City,1928.0,Cherry Red Records Fans' Stadium,Rob Whitton,Match Report,
81,,19-20,Wed,2020-02-12,19:00,Manchester City,1.1,1–0,0.1,Bristol City,858.0,Academy Stadium,Edward Duckworth,Match Report,
82,,19-20,Wed,2020-02-12,19:30,Tottenham,0.9,2–2,1.7,Everton,388.0,The Hive Stadium,Lisa Benn,Match Report,
83,,19-20,Wed,2020-02-12,19:30,Reading,2.0,2–0,0.0,West Ham,573.0,Adams Park,Abigail Bryne,Match Report,
84,,19-20,Wed,2020-02-12,19:45,Brighton,2.1,1–1,0.6,Manchester Utd,905.0,Checkatrade.com Stadium,Savvas Yianni,Match Report,
85,,19-20,Thu,2020-02-13,19:00,Liverpool,0.8,2–3,1.9,Arsenal,660.0,Prenton Park,Rebecca Welch,Match Report,
86,,19-20,Sun,2020-02-23,12:30,Everton,1.4,2–3,1.3,Manchester Utd,893.0,Walton Hall Park,Andrew Sykes,Match Report,
87,,19-20,Sun,2020-02-23,14:00,Birmingham City,0.6,0–1,0.7,Bristol City,659.0,Damson Park,Stacey Pearson,Match Report,
88,,19-20,Sun,2020-02-23,14:00,Manchester City,2.6,3–3,1.2,Chelsea,3542.0,Academy Stadium,Rebecca Welch,Match Report,
89,,19-20,Sun,2020-02-23,14:00,Arsenal,,,,Reading,,Meadow Park,,Match Report,Match Cancelled
90,,19-20,Sun,2020-02-23,14:00,Brighton,0.6,0–1,1.2,Tottenham,964.0,Checkatrade.com Stadium,Louise Saunders,Match Report,
91,,19-20,Sun,2020-02-23,15:00,West Ham,1.6,4–2,1.5,Liverpool,1877.0,Rush Green Stadium,Matthew Russell,Match Report,
92,,19-20,Sun,2020-03-22,12:00,Manchester Utd,,,,West Ham,,Leigh Sports Village Stadium,,Match Report,Match Cancelled
93,,19-20,Sun,2020-03-22,14:00,Liverpool,,,,Manchester City,,Prenton Park,,Match Report,Match Cancelled
94,,19-20,Sun,2020-03-22,14:00,Tottenham,,,,Birmingham City,,The Hive Stadium,,Match Report,Match Cancelled
95,,19-20,Sun,2020-03-22,14:00,Chelsea,,,,Everton,,Cherry Red Records Fans' Stadium,,Match Report,Match Cancelled
96,,19-20,Sun,2020-03-22,14:00,Reading,,,,Brighton,,Adams Park,,Match Report,Match Cancelled
97,,19-20,Sun,2020-03-22,15:00,Bristol City,,,,Arsenal,,Stoke Gifford Stadium,,Match Report,Match Cancelled
98,,19-20,Wed,2020-03-25,19:00,Everton,,,,Liverpool,,Walton Hall Park,,Match Report,Match Cancelled
99,,19-20,Wed,2020-03-25,19:30,Birmingham City,,,,Manchester Utd,,Damson Park,,Match Report,Match Cancelled
100,,19-20,Sat,2020-03-28,15:00,Manchester Utd,,,,Manchester City,,Leigh Sports Village Stadium,,Match Report,Match Cancelled
101,,19-20,Sun,2020-03-29,12:00,West Ham,,,,Arsenal,,Rush Green Stadium,,Match Report,Match Cancelled
102,,19-20,Sun,2020-03-29,12:30,Everton,,,,Birmingham City,,Walton Hall Park,,Match Report,Match Cancelled
103,,19-20,Sun,2020-03-29,14:00,Tottenham,,,,Chelsea,,The Hive Stadium,,Match Report,Match Cancelled
104,,19-20,Sun,2020-03-29,14:00,Brighton,,,,Bristol City,,Checkatrade.com Stadium,,Match Report,Match Cancelled
105,,19-20,Sun,2020-03-29,14:00,Reading,,,,Liverpool,,Adams Park,,Match Report,Match Cancelled
106,,19-20,Wed,2020-04-01,19:30,West Ham,,,,Everton,,Rush Green Stadium,Robert Massey Ellis,Match Report,Match Cancelled
107,,19-20,Sun,2020-04-05,14:00,Birmingham City,,,,West Ham,,Damson Park,,Match Report,Match Cancelled
108,,19-20,Sun,2020-04-05,14:00,Liverpool,,,,Tottenham,,Prenton Park,,Match Report,Match Cancelled
109,,19-20,Sun,2020-04-05,14:00,Manchester City,,,,Reading,,Academy Stadium,,Match Report,Match Cancelled
110,,19-20,Sun,2020-04-05,14:00,Chelsea,,,,Brighton,,Cherry Red Records Fans' Stadium,,Match Report,Match Cancelled
111,,19-20,Sun,2020-04-05,14:00,Arsenal,,,,Manchester Utd,,Meadow Park,,Match Report,Match Cancelled
112,,19-20,Sun,2020-04-05,15:00,Bristol City,,,,Everton,,Stoke Gifford Stadium,,Match Report,Match Cancelled
113,,19-20,Sun,2020-04-19,14:00,Tottenham,,,,Bristol City,,The Hive Stadium,,Match Report,Match Cancelled
114,,19-20,Wed,2020-04-22,19:30,West Ham,,,,Manchester City,,Rush Green Stadium,,Match Report,Match Cancelled
115,,19-20,Sun,2020-04-26,12:00,Liverpool,,,,Brighton,,Prenton Park,,Match Report,Match Cancelled
116,,19-20,Sun,2020-04-26,12:30,Everton,,,,West Ham,,Walton Hall Park,,Match Report,Match Cancelled
117,,19-20,Sun,2020-04-26,14:00,Manchester City,,,,Tottenham,,Academy Stadium,,Match Report,Match Cancelled
118,,19-20,Sun,2020-04-26,14:00,Reading,,,,Chelsea,,Adams Park,,Match Report,Match Cancelled
119,,19-20,Sun,2020-04-26,14:00,Birmingham City,,,,Arsenal,,Damson Park,,Match Report,Match Cancelled
120,,19-20,Sun,2020-04-26,15:00,Bristol City,,,,Manchester Utd,,Stoke Gifford Stadium,,Match Report,Match Cancelled
121,,19-20,Sun,2020-05-03,12:30,Everton,,,,Chelsea,,Walton Hall Park,Lucy Oliver,Match Report,Match Cancelled
122,,19-20,Sun,2020-05-03,15:00,Bristol City,,,,West Ham,,Stoke Gifford Stadium,,Match Report,Match Cancelled
123,,19-20,Wed,2020-05-06,19:30,Birmingham City,,,,Reading,,Damson Park,,Match Report,Match Cancelled
124,,19-20,Tue,2020-05-12,19:30,Manchester Utd,,,,Chelsea,,Leigh Sports Village Stadium,,Match Report,Match Cancelled
125,,19-20,Wed,2020-05-13,19:30,Arsenal,,,,Tottenham,,Meadow Park,,Match Report,Match Cancelled
126,,19-20,Sat,2020-05-16,,Tottenham,,,,Reading,,The Hive Stadium,,Match Report,Match Cancelled
127,,19-20,Sat,2020-05-16,,Brighton,,,,Manchester City,,Checkatrade.com Stadium,,Match Report,Match Cancelled
128,,19-20,Sat,2020-05-16,,Manchester Utd,,,,Birmingham City,,Leigh Sports Village Stadium,,Match Report,Match Cancelled
129,,19-20,Sat,2020-05-16,,Chelsea,,,,Liverpool,,Cherry Red Records Fans' Stadium,,Match Report,Match Cancelled
130,,19-20,Sat,2020-05-16,,West Ham,,,,Bristol City,,Rush Green Stadium,,Match Report,Match Cancelled
131,,19-20,Sat,2020-05-16,,Arsenal,,,,Everton,,Meadow Park,,Match Report,Match Cancelled
0,,17-18,Fri,2017-09-22,19:45,Chelsea,,6–0,,Bristol City,1540.0,Cherry Red Records Fans' Stadium,Jack Packman,Match Report,
1,,17-18,Fri,2017-09-22,19:45,Everton,,0–2,,Liverpool,1439.0,Select Security Stadium,Sarah Garratt,Match Report,
2,,17-18,Sun,2017-09-24,12:30,Reading,,0–1,,Sunderland,502.0,Adams Park,Stacey Pearson,Match Report,
3,,17-18,Sun,2017-09-24,14:00,Arsenal,,3–2,,Birmingham City,,Meadow Park,Abigail Marriott,Match Report,
4,,17-18,Sun,2017-09-24,14:00,Yeovil Town,,0–4,,Manchester City,1302.0,Huish Park Stadium,Adam Bromley,Match Report,
5,,17-18,Fri,2017-09-29,19:00,Liverpool,,0–3,,Reading,481.0,Select Security Stadium,Joe Hull,Match Report,
6,,17-18,Sat,2017-09-30,12:30,Manchester City,,5–2,,Arsenal,1646.0,Academy Stadium,Amy Fearn,Match Report,
7,,17-18,Sat,2017-09-30,17:30,Bristol City,,1–0,,Yeovil Town,621.0,Stoke Gifford Stadium,Andrew Shepherd,Match Report,
8,,17-18,Sat,2017-09-30,19:30,Sunderland,,0–6,,Chelsea,789.0,Mariners Park,Dean Hulme,Match Report,
9,,17-18,Sun,2017-10-01,12:30,Birmingham City,,2–1,,Everton,821.0,Damson Park,Daniel Middleton,Match Report,
10,,17-18,Sat,2017-10-07,12:30,Chelsea,,1–0,,Liverpool,2116.0,Cherry Red Records Fans' Stadium,Amy Fearn,Match Report,
11,,17-18,Sat,2017-10-07,19:00,Everton,,2–3,,Manchester City,735.0,Select Security Stadium,Thomas Kirk,Match Report,
12,,17-18,Sun,2017-10-08,12:30,Arsenal,,1–1,,Bristol City,,Meadow Park,Sarah Garratt,Match Report,
13,,17-18,Sun,2017-10-08,14:00,Yeovil Town,,0–1,,Sunderland,348.0,Huish Park Stadium,Richard Holme,Match Report,
14,,17-18,Sun,2017-10-08,14:00,Reading,,2–2,,Birmingham City,655.0,Adams Park,Joshua Smith,Match Report,
15,,17-18,Sat,2017-10-28,17:30,Bristol City,,0–5,,Reading,573.0,Stoke Gifford Stadium,Scott Jackson,Match Report,
16,,17-18,Sat,2017-10-28,18:00,Sunderland,,1–4,,Liverpool,429.0,Mariners Park,John Matthews,Match Report,
17,,17-18,Sun,2017-10-29,12:30,Manchester City,,3–1,,Birmingham City,24408.0,St Andrew's Trillion Trophy Stadium,Helen Byrne,Match Report,
18,,17-18,Sun,2017-10-29,14:00,Chelsea,,6–0,,Yeovil Town,1821.0,Cherry Red Records Fans' Stadium,Ian Fissenden,Match Report,
19,,17-18,Sun,2017-10-29,14:00,Everton,,0–2,,Arsenal,435.0,Select Security Stadium,Lindsey Robinson,Match Report,
20,,17-18,Sat,2017-11-11,15:00,Yeovil Town,,0–2,,Everton,683.0,Huish Park Stadium,Marc Whaley,Match Report,
21,,17-18,Sat,2017-11-11,17:30,Liverpool,,1–0,,Birmingham City,843.0,Select Security Stadium,David McNamara,Match Report,
22,,17-18,Sun,2017-11-12,12:30,Reading,,2–2,,Chelsea,1012.0,Adams Park,Rebecca Welch,Match Report,
23,,17-18,Sun,2017-11-12,14:00,Arsenal,,3–0,,Sunderland,400.0,Meadow Park,Lloyd Wood,Match Report,
24,,17-18,Sun,2017-11-12,14:00,Manchester City,,4–0,,Bristol City,,Academy Stadium,Helen Conley,Match Report,
25,,17-18,Sun,2017-12-10,14:00,Everton,,5–1,,Sunderland,122.0,Select Security Stadium,Dean Watson,Match Report,
26,,17-18,Sat,2018-01-06,17:30,Liverpool,,8–0,,Yeovil Town,453.0,Select Security Stadium,Helen Byrne,Match Report,
27,,17-18,Sat,2018-01-06,17:30,Bristol City,,2–1,,Everton,710.0,Stoke Gifford Stadium,James Durkin,Match Report,
28,,17-18,Sat,2018-01-06,18:00,Sunderland,,3–0,,Birmingham City,,Eppleton Colliery Football Ground,Paul Brown,Match Report,
29,,17-18,Sun,2018-01-07,13:30,Chelsea,,3–2,,Arsenal,2570.0,Cherry Red Records Fans' Stadium,Adrian Quelch,Match Report,
30,,17-18,Sun,2018-01-07,16:00,Reading,,2–5,,Manchester City,951.0,Adams Park,Abby Marriott,Match Report,
31,,17-18,Sun,2018-01-14,14:00,Birmingham City,,2–0,,Bristol City,517.0,Damson Park,Helen Conley,Match Report,
32,,17-18,Sat,2018-01-27,17:30,Liverpool,,2–0,,Bristol City,461.0,Select Security Stadium,Amy Fearn,Match Report,
33,,17-18,Sun,2018-01-28,12:30,Chelsea,,1–0,,Everton,1731.0,Cherry Red Records Fans' Stadium,Rob Whitton,Match Report,
34,,17-18,Sun,2018-01-28,14:00,Birmingham City,,3–0,,Yeovil Town,405.0,Damson Park,Lindsey Robinson,Match Report,
35,,17-18,Sun,2018-01-28,14:00,Reading,,0–0,,Arsenal,690.0,Adams Park,Helen Byrne,Match Report,
36,,17-18,Sun,2018-01-28,14:00,Sunderland,,0–3,,Manchester City,978.0,Eppleton Colliery Football Ground,Helen Conley,Match Report,
37,,17-18,Thu,2018-02-01,19:00,Chelsea,,0–0,,Manchester City,2648.0,Cherry Red Records Fans' Stadium,Amy Fearn,Match Report,
38,,17-18,Wed,2018-02-07,19:00,Liverpool,,0–3,,Arsenal,461.0,Select Security Stadium,Rebecca Welch,Match Report,
39,,17-18,Sat,2018-02-10,14:00,Birmingham City,,0–2,,Chelsea,669.0,Damson Park,Amy Fearn,Match Report,
40,,17-18,Sat,2018-02-10,17:30,Bristol City,,1–2,,Sunderland,448.0,Stoke Gifford Stadium,Robert Massey Ellis,Match Report,
41,,17-18,Sun,2018-02-11,12:30,Manchester City,,4–0,,Liverpool,2356.0,Academy Stadium,Scott Simpson,Match Report,
42,,17-18,Sun,2018-02-11,14:00,Arsenal,,4–0,,Yeovil Town,740.0,Meadow Park,Sarah Grant,Match Report,
43,,17-18,Sun,2018-02-11,14:00,Everton,,2–1,,Reading,274.0,Select Security Stadium,Lindsey Robinson,Match Report,
44,,17-18,Wed,2018-02-21,19:00,Liverpool,,3–1,,Sunderland,497.0,Select Security Stadium,Sarah Garratt,Match Report,
45,,17-18,Wed,2018-02-21,19:45,Reading,,4–0,,Bristol City,172.0,Adams Park,Will Finnie,Match Report,
46,,17-18,Wed,2018-02-21,19:45,Yeovil Town,,0–2,,Chelsea,454.0,Huish Park Stadium,Marc Whaley,Match Report,
47,,17-18,Wed,2018-02-21,19:45,Birmingham City,,2–0,,Manchester City,803.0,Damson Park,Sian Massey-Ellis,Match Report,
48,,17-18,Fri,2018-02-23,19:30,Arsenal,,1–0,,Everton,813.0,Meadow Park,Alan Dale,Match Report,
49,,17-18,Sat,2018-02-24,12:30,Manchester City,,2–2,,Chelsea,1417.0,Academy Stadium,Simon Mather,Match Report,
50,,17-18,Sun,2018-03-25,14:00,Birmingham City,,4–0,,Liverpool,869.0,Damson Park,Simon Barrow,Match Report,
51,,17-18,Sun,2018-03-25,14:00,Chelsea,,2–2,,Reading,1652.0,Cherry Red Records Fans' Stadium,Helen Byrne,Match Report,
52,,17-18,Wed,2018-03-28,19:00,Sunderland,,1–1,,Everton,224.0,Eppleton Colliery Football Ground,Rebecca Welch,Match Report,
53,,17-18,Wed,2018-03-28,19:00,Bristol City,,0–2,,Birmingham City,498.0,Stoke Gifford Stadium,Stacey Pearson,Match Report,
54,,17-18,Wed,2018-03-28,19:45,Reading,,3–0,,Yeovil Town,197.0,Adams Park,Dean Hulme,Match Report,
55,,17-18,Sun,2018-04-01,12:00,Yeovil Town,,0–4,,Liverpool,312.0,Huish Park Stadium,Richard Hulme,Match Report,
56,,17-18,Sun,2018-04-01,12:30,Arsenal,,1–1,,Chelsea,1807.0,Meadow Park,Paul Howard,Match Report,
57,,17-18,Sun,2018-04-01,14:00,Manchester City,,0–2,,Reading,1274.0,Academy Stadium,Helen Conley,Match Report,
58,,17-18,Sun,2018-04-01,14:00,Birmingham City,,2–0,,Sunderland,540.0,Damson Park,Abby Marriott,Match Report,
59,,17-18,Fri,2018-04-13,19:45,Yeovil Town,,0–4,,Reading,223.0,Huish Park Stadium,Phillip Eddie,Match Report,
60,,17-18,Wed,2018-04-18,19:00,Bristol City,,0–2,,Liverpool,518.0,Stoke Gifford Stadium,Scott Jackson,Match Report,
61,,17-18,Wed,2018-04-18,19:00,Everton,,0–1,,Chelsea,,Select Security Stadium,Sam Mulhall,Match Report,
62,,17-18,Wed,2018-04-18,19:00,Manchester City,,3–0,,Sunderland,943.0,Academy Stadium,Aaron Jackson,Match Report,
63,,17-18,Wed,2018-04-18,19:30,Arsenal,,3–1,,Reading,,Meadow Park,Chris O'Donnell,Match Report,
64,,17-18,Wed,2018-04-18,19:45,Yeovil Town,,0–0,,Birmingham City,203.0,Cherry Red Records Fans' Stadium,Adam Bromley,Match Report,
65,,17-18,Sat,2018-04-21,15:00,Yeovil Town,,0–0,,Arsenal,317.0,Huish Park Stadium,Abby Marriott,Match Report,
66,,17-18,Sat,2018-04-21,18:00,Sunderland,,1–2,,Bristol City,298.0,Eppleton Colliery Football Ground,Anthony Tankard,Match Report,
67,,17-18,Sun,2018-04-22,12:30,Reading,,3–0,,Everton,263.0,Adams Park,Rebecca Welch,Match Report,
68,,17-18,Tue,2018-04-24,19:30,Arsenal,,3–0,,Liverpool,,Meadow Park,Ian Fissenden,Match Report,
69,,17-18,Sun,2018-04-29,12:00,Sunderland,,0–2,,Reading,,Eppleton Colliery Football Ground,Adam Herczeg,Match Report,
70,,17-18,Sun,2018-04-29,14:00,Liverpool,,1–1,,Everton,1416.0,Select Security Stadium,Martin Woods,Match Report,
71,,17-18,Sun,2018-04-29,14:00,Birmingham City,,3–0,,Arsenal,921.0,Damson Park,Daniel Middleton,Match Report,
72,,17-18,Thu,2018-05-03,19:00,Bristol City,,1–6,,Manchester City,568.0,Stoke Gifford Stadium,Sarah Garratt,Match Report,
73,,17-18,Sun,2018-05-06,12:30,Everton,,1–2,,Bristol City,143.0,Select Security Stadium,Willie Kirk,Match Report,
74,,17-18,Tue,2018-05-08,19:00,Liverpool,,1–0,,Manchester City,653.0,Select Security Stadium,Daniel Middleton,Match Report,
75,,17-18,Wed,2018-05-09,19:00,Chelsea,,2–1,,Birmingham City,934.0,Cherry Red Records Fans' Stadium,Ryan Atkin,Match Report,
76,,17-18,Wed,2018-05-09,19:00,Everton,,3–1,,Yeovil Town,130.0,Select Security Stadium,Thomas Parsons,Match Report,
77,,17-18,Sat,2018-05-12,12:00,Yeovil Town,,0–2,,Bristol City,505.0,Huish Park Stadium,Conor Farrell,Match Report,
78,,17-18,Sat,2018-05-12,12:15,Arsenal,,2–1,,Manchester City,1514.0,Meadow Park,Rebecca Welch,Match Report,
79,,17-18,Sat,2018-05-12,14:00,Reading,,3–0,,Liverpool,1379.0,Adams Park,Lindsey Robinson,Match Report,
80,,17-18,Sat,2018-05-12,19:45,Chelsea,,2–1,,Sunderland,1940.0,Cherry Red Records Fans' Stadium,Abby Marriott,Match Report,
81,,17-18,Sun,2018-05-13,14:00,Everton,,0–3,,Birmingham City,337.0,Select Security Stadium,Amy Fearn,Match Report,
82,,17-18,Tue,2018-05-15,19:00,Bristol City,,0–2,,Chelsea,820.0,Stoke Gifford Stadium,Amy Fearn,Match Report,
83,,17-18,Wed,2018-05-16,19:00,Sunderland,,0–2,,Arsenal,321.0,Eppleton Colliery Football Ground,John Matthews,Match Report,
84,,17-18,Wed,2018-05-16,19:00,Manchester City,,5–0,,Yeovil Town,715.0,Academy Stadium,Lindsey Robinson,Match Report,
85,,17-18,Sun,2018-05-20,12:30,Sunderland,,2–1,,Yeovil Town,226.0,Eppleton Colliery Football Ground,Andrew Miller,Match Report,
86,,17-18,Sun,2018-05-20,12:30,Liverpool,,2–3,,Chelsea,442.0,Select Security Stadium,Matt Donohue,Match Report,
87,,17-18,Sun,2018-05-20,12:30,Bristol City,,1–6,,Arsenal,724.0,Stoke Gifford Stadium,Dale Wootton,Match Report,
88,,17-18,Sun,2018-05-20,12:30,Manchester City,,3–0,,Everton,1605.0,Academy Stadium,Leigh Doughty,Match Report,
89,,17-18,Sun,2018-05-20,12:30,Birmingham City,,1–1,,Reading,1120.0,Damson Park,Declan Bourne,Match Report,
