,Unnamed: 0,Wk,season,Day,Date,Time,Home,xG,Score,xG.1,Away,Attendance,Venue,Referee,Match Report,Notes,Home Goals,Away Goals
0,0,1.0,21-22,Fri,2021-09-03,19:45,Manchester Utd,1.6,2–0,0.2,Reading,2111.0,Leigh Sports Village Stadium,Abigail Bryne,Match Report,,2,0
1,1,1.0,21-22,Sat,2021-09-04,12:30,Aston Villa,0.8,2–1,1.8,Leicester City WFC,741.0,The Banks's Stadium,Helen Conley,Match Report,,2,1
2,2,1.0,21-22,Sat,2021-09-04,13:30,Everton,0.9,0–4,1.3,Manchester City,5998.0,Goodison Park,Kirsty Dowle,Match Report,,0,4
3,3,1.0,21-22,Sat,2021-09-04,15:00,Tottenham,0.9,1–0,0.2,Birmingham City,4681.0,Tottenham Hotspur Stadium,Lisa Benn,Match Report,,1,0
4,4,1.0,21-22,Sun,2021-09-05,12:30,Arsenal,1.5,3–2,1.5,Chelsea,8705.0,Emirates Stadium,Rebecca Welch,Match Report,,3,2
5,5,1.0,21-22,Sun,2021-09-05,14:00,Brighton,1.4,2–0,0.6,West Ham,2264.0,The American Express Community Stadium,Emily Heaslip,Match Report,,2,0
7,7,2.0,21-22,Sat,2021-09-11,11:30,West Ham,1.3,1–1,1.2,Aston Villa,1106.0,Chigwell Construction Stadium,Kirsty Dowle,Match Report,,1,1
8,8,2.0,21-22,Sun,2021-09-12,12:30,Chelsea,2.4,4–0,0.2,Everton,2379.0,Cherry Red Records Fans' Stadium,Amy Fearn,Match Report,,4,0
9,9,2.0,21-22,Sun,2021-09-12,14:00,Reading,0.9,0–4,1.6,Arsenal,1127.0,Select Car Leasing Stadium,Emily Heaslip,Match Report,,0,4
10,10,2.0,21-22,Sun,2021-09-12,14:00,Birmingham City,0.9,0–5,2.2,Brighton,525.0,St Andrew's Trillion Trophy Stadium,Lucy May,Match Report,,0,5
11,11,2.0,21-22,Sun,2021-09-12,14:00,Leicester City WFC,0.7,1–3,2.4,Manchester Utd,4473.0,King Power Stadium,Jane Simms,Match Report,,1,3
12,12,2.0,21-22,Sun,2021-09-12,18:45,Manchester City,2.0,1–2,0.5,Tottenham,1126.0,Academy Stadium,Abigail Bryne,Match Report,,1,2
14,14,3.0,21-22,Sat,2021-09-25,11:30,Everton,1.0,3–1,0.2,Birmingham City,605.0,Walton Hall Park,Tom Reeves,Match Report,,3,1
15,15,3.0,21-22,Sun,2021-09-26,12:30,Manchester Utd,1.1,1–6,3.3,Chelsea,2197.0,Leigh Sports Village Stadium,Kirsty Dowle,Match Report,,1,6
16,16,3.0,21-22,Sun,2021-09-26,14:00,Tottenham,2.3,1–0,0.2,Reading,621.0,The Hive Stadium,Amy Fearn,Match Report,,1,0
17,17,3.0,21-22,Sun,2021-09-26,14:00,Brighton,0.4,0–1,0.8,Aston Villa,1104.0,The People’s Pension Stadium,Lisa Benn,Match Report,,0,1
18,18,3.0,21-22,Sun,2021-09-26,15:00,West Ham,2.7,4–0,0.4,Leicester City WFC,1128.0,Chigwell Construction Stadium,Emily Heaslip,Match Report,,4,0
19,19,3.0,21-22,Sun,2021-09-26,18:45,Arsenal,2.8,5–0,0.5,Manchester City,2061.0,Meadow Park,Jane Simms,Match Report,,5,0
21,21,4.0,21-22,Sat,2021-10-02,11:30,Chelsea,1.9,3–1,0.3,Brighton,2480.0,Cherry Red Records Fans' Stadium,Amy Fearn,Match Report,,3,1
22,22,4.0,21-22,Sat,2021-10-02,17:15,Aston Villa,0.2,0–4,1.7,Arsenal,4780.0,Villa Park,Emily Heaslip,Match Report,,0,4
23,23,4.0,21-22,Sun,2021-10-03,14:00,Leicester City WFC,0.2,0–2,2.7,Tottenham,2137.0,King Power Stadium,Abigail Bryne,Match Report,,0,2
24,24,4.0,21-22,Sun,2021-10-03,14:00,Manchester City,1.6,0–2,0.5,West Ham,1298.0,Academy Stadium,Helen Conley,Match Report,,0,2
25,25,4.0,21-22,Sun,2021-10-03,14:00,Reading,0.2,0–3,2.3,Everton,740.0,Select Car Leasing Stadium,Lucy May,Match Report,,0,3
26,26,4.0,21-22,Sun,2021-10-03,18:45,Birmingham City,0.2,0–2,1.7,Manchester Utd,650.0,St Andrew's Trillion Trophy Stadium,Lisa Benn,Match Report,,0,2
28,28,5.0,21-22,Sat,2021-10-09,13:30,Manchester Utd,0.5,2–2,1.9,Manchester City,3797.0,Leigh Sports Village Stadium,Rebecca Welch,Match Report,,2,2
29,29,5.0,21-22,Sun,2021-10-10,12:30,Chelsea,1.6,2–0,0.1,Leicester City WFC,5114.0,Cherry Red Records Fans' Stadium,Lisa Benn,Match Report,,2,0
30,30,5.0,21-22,Sun,2021-10-10,14:00,Brighton,1.4,2–1,0.8,Tottenham,1353.0,The People’s Pension Stadium,Kirsty Dowle,Match Report,,2,1
31,31,5.0,21-22,Sun,2021-10-10,14:00,Reading,0.4,3–0,0.6,Aston Villa,578.0,Select Car Leasing Stadium,Louise Saunders,Match Report,,3,0
32,32,5.0,21-22,Sun,2021-10-10,15:00,West Ham,0.5,1–1,1.3,Birmingham City,1142.0,Chigwell Construction Stadium,Lucy May,Match Report,,1,1
33,33,5.0,21-22,Sun,2021-10-10,15:00,Arsenal,1.6,3–0,0.2,Everton,2165.0,Meadow Park,Helen Conley,Match Report,,3,0
35,35,6.0,21-22,Sat,2021-11-06,12:30,Aston Villa,0.1,0–1,1.7,Chelsea,715.0,The Banks's Stadium,Abigail Bryne,Match Report,,0,1
36,36,6.0,21-22,Sat,2021-11-06,17:30,Everton,0.9,0–1,0.4,Brighton,502.0,Walton Hall Park,Lucy May,Match Report,,0,1
37,37,6.0,21-22,Sun,2021-11-07,12:15,Tottenham,0.2,1–1,0.9,Manchester Utd,1308.0,The Hive Stadium,Emily Heaslip,Match Report,,1,1
38,38,6.0,21-22,Sun,2021-11-07,14:00,Birmingham City,0.1,0–3,2.3,Reading,298.0,St Andrew's Trillion Trophy Stadium,Louise Saunders,Match Report,,0,3
39,39,6.0,21-22,Sun,2021-11-07,14:00,Leicester City WFC,0.4,1–4,2.0,Manchester City,242.0,King Power Stadium,Helen Conley,Match Report,,1,4
40,40,6.0,21-22,Sun,2021-11-07,18:45,Arsenal,2.6,4–0,0.4,West Ham,1736.0,Meadow Park,Kirsty Dowle,Match Report,,4,0
42,42,7.0,21-22,Sat,2021-11-13,13:30,Tottenham,1.2,1–1,1.6,Arsenal,2896.0,The Hive Stadium,Amy Fearn,Match Report,,1,1
43,43,7.0,21-22,Sun,2021-11-14,12:30,Everton,1.0,1–1,1.1,Manchester Utd,840.0,Walton Hall Park,Louise Saunders,Match Report,,1,1
44,44,7.0,21-22,Sun,2021-11-14,14:00,Birmingham City,0.7,0–1,0.4,Aston Villa,1386.0,St Andrew's Trillion Trophy Stadium,Kirsty Dowle,Match Report,,0,1
45,45,7.0,21-22,Sun,2021-11-14,14:00,Brighton,0.3,1–0,0.4,Leicester City WFC,3566.0,The People’s Pension Stadium,Ryan Atkin,Match Report,,1,0
46,46,7.0,21-22,Sun,2021-11-14,15:00,West Ham,1.4,2–2,0.3,Reading,1496.0,Chigwell Construction Stadium,Emily Heaslip,Match Report,,2,2
47,47,7.0,21-22,Sun,2021-11-14,15:00,Manchester City,1.1,0–4,1.5,Chelsea,3174.0,Academy Stadium,Rebecca Welch,Match Report,,0,4
49,49,8.0,21-22,Sat,2021-11-20,11:30,Manchester City,2.2,5–0,0.0,Aston Villa,1098.0,Academy Stadium,Abigail Bryne,Match Report,,5,0
50,50,8.0,21-22,Sun,2021-11-21,12:15,Manchester Utd,0.7,0–2,1.6,Arsenal,2186.0,Leigh Sports Village Stadium,Emily Heaslip,Match Report,,0,2
51,51,8.0,21-22,Sun,2021-11-21,14:00,Leicester City WFC,0.2,0–1,2.7,Everton,685.0,Pirelli Stadium,Lucy May,Match Report,,0,1
52,52,8.0,21-22,Sun,2021-11-21,14:00,Chelsea,4.6,5–0,0.0,Birmingham City,2704.0,Cherry Red Records Fans' Stadium,Elizabeth Simms,Match Report,,5,0
53,53,8.0,21-22,Sun,2021-11-21,14:00,Reading,1.0,2–0,0.5,Brighton,733.0,Select Car Leasing Stadium,Helen Conley,Match Report,,2,0
54,54,8.0,21-22,Sun,2021-11-21,15:00,West Ham,0.5,1–0,0.6,Tottenham,1242.0,Chigwell Construction Stadium,Lisa Benn,Match Report,,1,0
56,56,9.0,21-22,Sat,2021-12-11,11:30,Reading,0.2,1–0,1.7,Chelsea,742.0,Select Car Leasing Stadium,Louise Saunders,Match Report,,1,0
57,57,9.0,21-22,Sun,2021-12-12,12:30,Brighton,0.3,0–2,1.7,Manchester Utd,1776.0,The People’s Pension Stadium,Abigail Bryne,Match Report,,0,2
58,58,9.0,21-22,Sun,2021-12-12,13:00,Everton,1.1,1–1,1.8,West Ham,432.0,Walton Hall Park,Lucy May,Match Report,,1,1
59,59,9.0,21-22,Sun,2021-12-12,14:00,Birmingham City,1.8,2–3,2.4,Manchester City,812.0,St Andrew's Trillion Trophy Stadium,Helen Conley,Match Report,,2,3
60,60,9.0,21-22,Sun,2021-12-12,18:00,Aston Villa,0.6,1–2,1.2,Tottenham,385.0,The Banks's Stadium,Kirsty Dowle,Match Report,,1,2
61,61,9.0,21-22,Sun,2021-12-12,18:45,Arsenal,2.7,4–0,0.1,Leicester City WFC,1316.0,Meadow Park,Emily Heaslip,Match Report,,4,0
63,63,10.0,21-22,Sun,2021-12-19,12:00,Manchester Utd,2.2,5–0,0.5,Aston Villa,1001.0,Leigh Sports Village Stadium,Rebecca Welch,Match Report,,5,0
64,64,10.0,21-22,Sun,2021-12-19,14:00,Tottenham,0.4,1–0,0.7,Everton,576.0,The Hive Stadium,Elizabeth Simms,Match Report,,1,0
65,65,10.0,21-22,Sun,2021-12-19,14:00,Leicester City WFC,0.7,2–0,0.9,Birmingham City,2124.0,King Power Stadium,Lisa Benn,Match Report,,2,0
67,67,11.0,21-22,Sun,2022-01-09,12:00,Brighton,0.1,0–6,1.6,Manchester City,1345.0,The People’s Pension Stadium,Emily Heaslip,Match Report,,0,6
68,68,11.0,21-22,Sun,2022-01-09,14:00,Birmingham City,0.7,2–0,0.6,Arsenal,582.0,St Andrew's Trillion Trophy Stadium,Lucy May,Match Report,,2,0
69,69,11.0,21-22,Sun,2022-01-09,14:00,Reading,1.1,1–0,0.4,Leicester City WFC,501.0,Select Car Leasing Stadium,Louise Saunders,Match Report,,1,0
71,71,12.0,21-22,Sat,2022-01-15,12:00,Manchester Utd,1.7,5–0,0.1,Birmingham City,1015.0,Leigh Sports Village Stadium,Kirsty Dowle,Match Report,,5,0
72,72,12.0,21-22,Sat,2022-01-15,12:30,Aston Villa,0.1,0–3,1.9,Manchester City,483.0,The Banks's Stadium,Louise Saunders,Match Report,,0,3
73,73,12.0,21-22,Sun,2022-01-16,14:00,Leicester City WFC,0.4,1–0,0.2,Brighton,1667.0,King Power Stadium,Abigail Bryne,Match Report,,1,0
74,74,12.0,21-22,Sun,2022-01-16,18:45,Tottenham,1.6,1–1,0.2,West Ham,678.0,The Hive Stadium,Amy Fearn,Match Report,,1,1
76,76,13.0,21-22,Sun,2022-01-23,12:00,Manchester Utd,0.8,3–0,0.8,Tottenham,1519.0,Leigh Sports Village Stadium,Lucy May,Match Report,,3,0
77,77,13.0,21-22,Sun,2022-01-23,12:30,Brighton,0.1,0–0,1.8,Chelsea,1743.0,The People’s Pension Stadium,Kirsty Dowle,Match Report,,0,0
78,78,13.0,21-22,Sun,2022-01-23,14:00,Reading,1.5,3–2,0.7,Birmingham City,552.0,Select Car Leasing Stadium,Lisa Benn,Match Report,,3,2
79,79,13.0,21-22,Sun,2022-01-23,14:00,Leicester City WFC,0.4,1–2,0.6,Aston Villa,616.0,Pirelli Stadium,Elizabeth Simms,Match Report,,1,2
80,80,13.0,21-22,Sun,2022-01-23,15:00,West Ham,1.5,3–0,0.3,Everton,1372.0,Chigwell Construction Stadium,Lauren Impey,Match Report,,3,0
81,81,13.0,21-22,Sun,2022-01-23,18:45,Manchester City,1.1,1–1,0.2,Arsenal,2355.0,Academy Stadium,Abigail Bryne,Match Report,,1,1
83,83,10.0,21-22,Wed,2022-01-26,19:00,Chelsea,1.5,2–0,0.0,West Ham,2554.0,Cherry Red Records Fans' Stadium,Ryan Atkin,Match Report,,2,0
84,84,10.0,21-22,Thu,2022-01-27,19:30,Arsenal,1.1,2–1,0.1,Brighton,1617.0,Meadow Park,Kirsty Dowle,Match Report,,2,1
86,86,14.0,21-22,Sat,2022-02-05,12:30,Arsenal,2.3,1–1,1.7,Manchester Utd,2385.0,Meadow Park,Elizabeth Simms,Match Report,,1,1
87,87,14.0,21-22,Sun,2022-02-06,12:30,Chelsea,1.6,1–0,1.0,Manchester City,3321.0,Cherry Red Records Fans' Stadium,Amy Fearn,Match Report,,1,0
88,88,14.0,21-22,Sun,2022-02-06,13:00,Everton,2.0,1–2,2.8,Reading,242.0,Walton Hall Park,Andrew Kitchen,Match Report,,1,2
89,89,14.0,21-22,Sun,2022-02-06,14:00,Birmingham City,0.7,1–2,3.6,Leicester City WFC,810.0,St Andrew's Trillion Trophy Stadium,Rob Whitton,Match Report,,1,2
90,90,14.0,21-22,Sun,2022-02-06,14:00,Tottenham,2.6,4–0,0.6,Brighton,557.0,The Hive Stadium,Lauren Impey,Match Report,,4,0
91,91,14.0,21-22,Sun,2022-02-06,18:00,Aston Villa,1.8,1–2,1.6,West Ham,334.0,The Banks's Stadium,Lucy May,Match Report,,1,2
93,93,15.0,21-22,Fri,2022-02-11,19:45,Chelsea,0.8,0–0,0.8,Arsenal,3330.0,Cherry Red Records Fans' Stadium,Rebecca Welch,Match Report,,0,0
94,94,15.0,21-22,Sun,2022-02-13,12:30,Manchester City,1.4,1–0,0.2,Manchester Utd,5317.0,Academy Stadium,Kirsty Dowle,Match Report,,1,0
95,95,15.0,21-22,Sun,2022-02-13,13:00,Everton,1.2,0–2,1.2,Aston Villa,419.0,Walton Hall Park,Elizabeth Simms,Match Report,,0,2
96,96,15.0,21-22,Sun,2022-02-13,14:00,Leicester City WFC,1.7,3–0,0.2,West Ham,551.0,King Power Stadium,Abigail Bryne,Match Report,,3,0
97,97,15.0,21-22,Sun,2022-02-13,14:00,Birmingham City,0.2,0–2,2.1,Tottenham,487.0,St Andrew's Trillion Trophy Stadium,Emily Heaslip,Match Report,,0,2
98,98,15.0,21-22,Sun,2022-02-13,14:00,Brighton,2.1,4–1,0.4,Reading,1159.0,The People’s Pension Stadium,Carl Brook,Match Report,,4,1
100,100,11.0,21-22,Wed,2022-03-02,19:00,Aston Villa,0.8,0–1,1.2,Everton,324.0,The Banks's Stadium,Robert Massey Ellis,Match Report,,0,1
102,102,12.0,21-22,Wed,2022-03-02,19:15,Arsenal,2.4,4–0,0.1,Reading,1554.0,Meadow Park,James Bell,Match Report,,4,0
104,104,16.0,21-22,Sat,2022-03-05,11:30,Aston Villa,0.6,0–1,1.1,Brighton,496.0,The Banks's Stadium,Louise Saunders,Match Report,,0,1
105,105,16.0,21-22,Sat,2022-03-05,12:00,Manchester Utd,2.3,4–0,0.3,Leicester City WFC,1103.0,Leigh Sports Village Stadium,Amy Fearn,Match Report,,4,0
106,106,16.0,21-22,Sun,2022-03-06,12:00,Arsenal,2.4,4–2,1.2,Birmingham City,1700.0,Meadow Park,Robert Massey Ellis,Match Report,,4,2
107,107,16.0,21-22,Sun,2022-03-06,14:00,Reading,0.6,0–0,0.6,Tottenham,960.0,Select Car Leasing Stadium,Lauren Impey,Match Report,,0,0
108,108,16.0,21-22,Thu,2022-03-10,19:45,West Ham,1.0,1–4,1.7,Chelsea,1735.0,Chigwell Construction Stadium,Carl Brook,Match Report,,1,4
110,110,17.0,21-22,Sat,2022-03-12,11:30,Reading,2.1,1–3,1.4,Manchester Utd,1371.0,Select Car Leasing Stadium,Lucy May,Match Report,,1,3
111,111,17.0,21-22,Sat,2022-03-12,17:30,Everton,1.3,3–2,1.2,Leicester City WFC,574.0,Walton Hall Park,Kirsty Dowle,Match Report,,3,2
112,112,17.0,21-22,Sun,2022-03-13,12:30,Tottenham,0.1,0–1,1.0,Manchester City,1303.0,The Hive Stadium,Emily Heaslip,Match Report,,0,1
113,113,17.0,21-22,Sun,2022-03-13,13:00,Chelsea,1.7,1–0,0.4,Aston Villa,2655.0,Cherry Red Records Fans' Stadium,Abigail Bryne,Match Report,,1,0
114,114,17.0,21-22,Sun,2022-03-13,14:00,Birmingham City,0.5,0–1,0.6,West Ham,587.0,St Andrew's Trillion Trophy Stadium,Louise Saunders,Match Report,,0,1
115,115,17.0,21-22,Sun,2022-03-13,18:45,Brighton,0.4,0–3,1.9,Arsenal,2535.0,The People’s Pension Stadium,Tom Reeves,Match Report,,0,3
117,117,10.0,21-22,Wed,2022-03-16,19:00,Manchester City,2.9,2–0,0.1,Reading,1126.0,Academy Stadium,Anthony Backhouse,Match Report,,2,0
119,119,12.0,21-22,Wed,2022-03-16,19:00,Everton,0.1,0–3,1.2,Chelsea,574.0,Walton Hall Park,James Bell,Match Report,,0,3
121,121,11.0,21-22,Wed,2022-03-16,19:30,West Ham,0.4,1–1,0.5,Manchester Utd,1425.0,Chigwell Construction Stadium,Daniel Lamport,Match Report,,1,1
123,123,16.0,21-22,Wed,2022-03-23,19:00,Manchester City,2.2,4–0,0.0,Everton,1119.0,Academy Stadium,Scott Jackson,Match Report,,4,0
125,125,18.0,21-22,Sat,2022-03-26,12:30,Aston Villa,1.3,1–1,1.2,Reading,461.0,The Banks's Stadium,Lauren Impey,Match Report,,1,1
126,126,18.0,21-22,Sun,2022-03-27,12:30,Manchester Utd,1.5,3–1,0.4,Everton,20241.0,Old Trafford,Helen Conley,Match Report,,3,1
127,127,18.0,21-22,Sun,2022-03-27,15:00,Leicester City WFC,0.4,0–9,3.5,Chelsea,2278.0,King Power Stadium,Abigail Bryne,Match Report,,0,9
128,128,18.0,21-22,Sun,2022-03-27,15:00,West Ham,0.5,0–2,0.7,Brighton,1411.0,Chigwell Construction Stadium,Paul Howard,Match Report,,0,2
130,130,19.0,21-22,Fri,2022-04-01,19:00,Birmingham City,0.2,0–0,1.6,Everton,537.0,St Andrew's Trillion Trophy Stadium,Amy Fearn,Match Report,,0,0
131,131,19.0,21-22,Sat,2022-04-02,11:30,West Ham,0.3,0–2,2.0,Manchester City,1475.0,Chigwell Construction Stadium,Lucy May,Match Report,,0,2
132,132,19.0,21-22,Sun,2022-04-03,12:00,Manchester Utd,1.2,1–0,0.6,Brighton,1524.0,Leigh Sports Village Stadium,Abigail Bryne,Match Report,,1,0
133,133,19.0,21-22,Sun,2022-04-03,12:30,Leicester City WFC,0.2,0–5,3.1,Arsenal,2158.0,King Power Stadium,Rebecca Welch,Match Report,,0,5
134,134,19.0,21-22,Sun,2022-04-03,14:00,Tottenham,0.5,0–1,0.2,Aston Villa,508.0,The Hive Stadium,Richie Watkins,Match Report,,0,1
135,135,19.0,21-22,Sun,2022-04-03,18:45,Chelsea,3.0,5–0,0.1,Reading,2485.0,Cherry Red Records Fans' Stadium,Emily Heaslip,Match Report,,5,0
137,137,20.0,21-22,Sat,2022-04-23,14:00,Brighton,1.2,1–3,0.6,Birmingham City,1206.0,The People’s Pension Stadium,Elizabeth Simms,Match Report,,1,3
138,138,20.0,21-22,Sun,2022-04-24,14:00,Reading,0.6,1–2,2.2,West Ham,600.0,Select Car Leasing Stadium,Tom Reeves,Match Report,,1,2
139,139,20.0,21-22,Sun,2022-04-24,14:00,Manchester City,2.6,4–0,0.1,Leicester City WFC,1895.0,Academy Stadium,Louise Saunders,Match Report,,4,0
140,140,20.0,21-22,Sun,2022-04-24,14:30,Tottenham,0.3,1–3,1.3,Chelsea,2161.0,The Hive Stadium,Lisa Benn,Match Report,,1,3
141,141,20.0,21-22,Sun,2022-04-24,18:00,Aston Villa,0.2,0–0,2.0,Manchester Utd,941.0,The Banks's Stadium,Emily Heaslip,Match Report,,0,0
142,142,20.0,21-22,Sun,2022-04-24,18:45,Everton,0.1,0–3,1.9,Arsenal,583.0,Walton Hall Park,Kirsty Dowle,Match Report,,0,3
144,144,11.0,21-22,Thu,2022-04-28,19:45,Chelsea,1.8,2–1,0.1,Tottenham,3660.0,Cherry Red Records Fans' Stadium,Jack Packman,Match Report,,2,1
146,146,21.0,21-22,Sat,2022-04-30,11:30,Manchester City,3.3,7–2,1.4,Brighton,1377.0,Academy Stadium,Amy Fearn,Match Report,,7,2
147,147,21.0,21-22,Sun,2022-05-01,12:00,Manchester Utd,2.1,3–0,0.4,West Ham,2546.0,Leigh Sports Village Stadium,Lucy May,Match Report,,3,0
148,148,21.0,21-22,Sun,2022-05-01,14:00,Leicester City WFC,1.2,0–0,0.7,Reading,2244.0,King Power Stadium,Richie Watkins,Match Report,,0,0
149,149,21.0,21-22,Sun,2022-05-01,14:15,Arsenal,3.1,7–0,0.1,Aston Villa,2305.0,Meadow Park,Lisa Benn,Match Report,,7,0
150,150,21.0,21-22,Sun,2022-05-01,18:45,Birmingham City,0.5,0–1,2.0,Chelsea,1429.0,St Andrew's Trillion Trophy Stadium,Emily Heaslip,Match Report,,0,1
151,151,21.0,21-22,Sun,2022-05-01,19:30,Everton,1.2,2–2,2.6,Tottenham,462.0,Walton Hall Park,Lauren Impey,Match Report,,2,2
153,153,18.0,21-22,Wed,2022-05-04,19:00,Manchester City,3.1,6–0,0.0,Birmingham City,1207.0,Academy Stadium,Jane Simms,Match Report,,6,0
154,154,18.0,21-22,Wed,2022-05-04,19:15,Arsenal,1.5,3–0,1.1,Tottenham,12800.0,Emirates Stadium,Louise Saunders,Match Report,,3,0
156,156,22.0,21-22,Sun,2022-05-08,12:00,Reading,0.3,0–4,2.8,Manchester City,1200.0,Select Car Leasing Stadium,Elizabeth Simms,Match Report,,0,4
157,157,22.0,21-22,Sun,2022-05-08,12:00,Brighton,0.7,1–1,0.6,Everton,1371.0,The People’s Pension Stadium,Louise Saunders,Match Report,,1,1
158,158,22.0,21-22,Sun,2022-05-08,12:00,Chelsea,1.4,4–2,0.6,Manchester Utd,4378.0,Cherry Red Records Fans' Stadium,Abigail Bryne,Match Report,,4,2
159,159,22.0,21-22,Sun,2022-05-08,12:00,Tottenham,1.1,1–0,0.6,Leicester City WFC,3994.0,Tottenham Hotspur Stadium,Kirsty Dowle,Match Report,,1,0
160,160,22.0,21-22,Sun,2022-05-08,12:00,West Ham,0.5,0–2,1.2,Arsenal,2585.0,Chigwell Construction Stadium,Emily Heaslip,Match Report,,0,2
161,161,22.0,21-22,Sun,2022-05-08,12:00,Aston Villa,1.0,0–1,0.5,Birmingham City,8367.0,Villa Park,Rebecca Welch,Match Report,,0,1
162,0,1.0,18-19,Sun,2018-09-09,12:30,Arsenal,2.4,5–0,0.6,Liverpool,1173.0,Meadow Park,Jason Richardson,Match Report,,5,0
163,1,1.0,18-19,Sun,2018-09-09,14:00,Birmingham City,1.1,1–0,0.2,Everton,603.0,Damson Park,James Bell,Match Report,,1,0
164,2,1.0,18-19,Sun,2018-09-09,14:00,Brighton,0.6,0–1,0.6,Bristol City,414.0,Checkatrade.com Stadium,Jack Packman,Match Report,,0,1
165,3,1.0,18-19,Sun,2018-09-09,14:00,Chelsea,0.6,0–0,0.7,Manchester City,2501.0,Cherry Red Records Fans' Stadium,Rebecca Welch,Match Report,,0,0
166,4,1.0,18-19,Sun,2018-09-09,14:00,Reading,4.2,4–0,0.7,Yeovil Town,464.0,Adams Park,Helen Conley,Match Report,,4,0
168,6,2.0,18-19,Wed,2018-09-19,19:00,Bristol City,0.1,0–0,1.3,Chelsea,,Stoke Gifford Stadium,Stacey Pearson,Match Report,,0,0
169,7,2.0,18-19,Wed,2018-09-19,19:30,Birmingham City,1.0,1–0,0.6,Brighton,449.0,Damson Park,James Oldham,Match Report,,1,0
170,8,2.0,18-19,Wed,2018-09-19,19:45,West Ham,0.5,0–0,1.4,Reading,658.0,The Rush Green Bowl,Abby Marriott,Match Report,,0,0
171,9,2.0,18-19,Wed,2018-09-19,19:45,Yeovil Town,0.5,0–7,3.4,Arsenal,1101.0,Jewson Stadium,Scott Jackson,Match Report,,0,7
172,10,2.0,18-19,Thu,2018-09-20,19:00,Everton,0.7,0–4,2.5,Manchester City,296.0,Haig Avenue,Lucy Oliver,Match Report,,0,4
174,12,3.0,18-19,Sun,2018-09-23,12:15,Brighton,0.5,0–1,0.4,Liverpool,443.0,Checkatrade.com Stadium,Amy Fearn,Match Report,,0,1
175,13,3.0,18-19,Sun,2018-09-23,14:00,Manchester City,4.0,2–2,1.2,Bristol City,1338.0,Academy Stadium,Asaka Koizumi,Match Report,,2,2
176,14,3.0,18-19,Sun,2018-09-23,14:00,Reading,1.9,0–1,2.3,Birmingham City,693.0,Adams Park,Jacob Miles,Match Report,,0,1
177,15,3.0,18-19,Sun,2018-09-23,14:00,Everton,0.4,0–0,1.2,Chelsea,213.0,Haig Avenue,Helen Conley,Match Report,,0,0
178,16,3.0,18-19,Sun,2018-09-23,14:00,Arsenal,3.5,4–3,0.9,West Ham,1081.0,Meadow Park,Paul Howard,Match Report,,4,3
180,18,4.0,18-19,Sun,2018-09-30,12:30,Birmingham City,0.5,2–3,1.5,Manchester City,824.0,Damson Park,Wayne Cartmel,Match Report,,2,3
181,19,4.0,18-19,Sun,2018-09-30,14:00,Liverpool,0.2,0–1,0.8,Reading,382.0,Prenton Park,David McNamara,Match Report,,0,1
182,20,4.0,18-19,Sun,2018-09-30,14:00,Chelsea,1.9,2–0,0.6,Brighton,1175.0,Cherry Red Records Fans' Stadium,Abby Marriott,Match Report,,2,0
183,21,4.0,18-19,Sun,2018-09-30,15:00,West Ham,2.2,2–1,1.0,Yeovil Town,367.0,The Rush Green Bowl,David Spain,Match Report,,2,1
185,23,5.0,18-19,Sun,2018-10-14,12:30,Manchester City,3.0,7–1,1.2,West Ham,1245.0,Academy Stadium,Rebecca Welch,Match Report,,7,1
186,24,5.0,18-19,Sun,2018-10-14,14:00,Chelsea,0.7,0–5,2.2,Arsenal,2020.0,Cherry Red Records Fans' Stadium,Sam Purkiss,Match Report,,0,5
187,25,5.0,18-19,Sun,2018-10-14,14:00,Everton,0.9,3–3,1.9,Brighton,210.0,Haig Avenue,Steven Copeland,Match Report,,3,3
188,26,5.0,18-19,Sun,2018-10-14,14:00,Liverpool,3.3,2–1,0.2,Yeovil Town,423.0,Prenton Park,Helen Conley,Match Report,,2,1
189,27,5.0,18-19,Sun,2018-10-14,15:00,Bristol City,0.0,0–1,1.8,Birmingham City,468.0,Stoke Gifford Stadium,Samuel Allison,Match Report,,0,1
191,29,6.0,18-19,Sun,2018-10-21,12:30,Birmingham City,0.0,0–0,3.1,Chelsea,1177.0,Damson Park,Amy Fearn,Match Report,,0,0
192,30,6.0,18-19,Sun,2018-10-21,14:00,Arsenal,3.8,6–0,0.4,Reading,1586.0,Meadow Park,Abby Marriott,Match Report,,6,0
193,31,6.0,18-19,Sun,2018-10-21,14:00,Brighton,1.0,0–6,2.7,Manchester City,815.0,Checkatrade.com Stadium,Lucy Oliver,Match Report,,0,6
194,32,6.0,18-19,Sun,2018-10-21,15:00,West Ham,0.5,0–1,1.7,Liverpool,1966.0,The Rush Green Bowl,Jack Packman,Match Report,,0,1
195,33,6.0,18-19,Sun,2018-10-21,15:00,Yeovil Town,0.5,1–2,2.3,Bristol City,583.0,Jewson Stadium,Scott Jackson,Match Report,,1,2
197,35,7.0,18-19,Fri,2018-10-26,19:00,Manchester City,1.3,1–1,1.5,Reading,1015.0,Academy Stadium,David McNamara,Match Report,,1,1
198,36,7.0,18-19,Sun,2018-10-28,12:30,Chelsea,1.7,1–0,0.3,Liverpool,1528.0,Cherry Red Records Fans' Stadium,Stacey Pearson,Match Report,,1,0
199,37,7.0,18-19,Sun,2018-10-28,14:00,Everton,1.2,1–2,2.3,West Ham,143.0,Haig Avenue,Aaron Jackson,Match Report,,1,2
200,38,7.0,18-19,Sun,2018-10-28,14:00,Brighton,2.3,2–1,1.2,Yeovil Town,562.0,Checkatrade.com Stadium,Jacob Miles,Match Report,,2,1
201,39,7.0,18-19,Sun,2018-10-28,15:00,Bristol City,0.1,0–4,4.4,Arsenal,658.0,Stoke Gifford Stadium,Daniel Lamport,Match Report,,0,4
203,41,8.0,18-19,Sun,2018-11-04,12:30,Arsenal,1.9,3–1,0.2,Birmingham City,1431.0,Meadow Park,Rebecca Welch,Match Report,,3,1
204,42,8.0,18-19,Sun,2018-11-04,14:00,Reading,1.7,3–0,0.3,Bristol City,482.0,Adams Park,Abigail Marnot,Match Report,,3,0
205,43,8.0,18-19,Sun,2018-11-04,14:00,Liverpool,0.2,0–3,2.3,Manchester City,661.0,Prenton Park,Abigail Marnot,Match Report,,0,3
206,44,8.0,18-19,Sun,2018-11-04,15:00,Yeovil Town,0.3,1–0,2.3,Everton,732.0,The Rush Green Bowl,Phillip Staynings,Match Report,,1,0
207,45,8.0,18-19,Sun,2018-11-04,15:00,West Ham,0.2,0–2,1.9,Chelsea,962.0,Jewson Stadium,Rebecca Welch,Match Report,,0,2
209,47,10.0,18-19,Sat,2018-11-17,15:00,Bristol City,1.4,2–1,1.3,Liverpool,554.0,Stoke Gifford Stadium,Richard Gardner,Match Report,,2,1
210,48,10.0,18-19,Sun,2018-11-18,12:30,Everton,0.6,0–4,2.5,Arsenal,370.0,Haig Avenue,Lucy Oliver,Match Report,,0,4
211,49,10.0,18-19,Sun,2018-11-18,14:00,Brighton,0.2,1–4,1.1,Reading,330.0,Checkatrade.com Stadium,Ryan Atkin,Match Report,,1,4
212,50,10.0,18-19,Sun,2018-11-18,14:00,Birmingham City,2.3,3–0,0.9,West Ham,663.0,Damson Park,Stacey Pearson,Match Report,,3,0
213,51,10.0,18-19,Sun,2018-11-18,14:00,Chelsea,3.8,5–0,0.0,Yeovil Town,1484.0,Cherry Red Records Fans' Stadium,Kirsty Dowle,Match Report,,5,0
215,53,11.0,18-19,Sun,2018-11-25,12:30,Arsenal,2.4,4–1,0.3,Brighton,1237.0,Meadow Park,Rob Whitton,Match Report,,4,1
216,54,11.0,18-19,Sun,2018-11-25,14:00,Liverpool,0.2,0–2,1.4,Birmingham City,336.0,Prenton Park,Sam Mulhall,Match Report,,0,2
217,55,11.0,18-19,Sun,2018-11-25,14:00,Reading,1.6,2–1,1.2,Everton,285.0,Adams Park,Amy Fearn,Match Report,,2,1
218,56,11.0,18-19,Sun,2018-11-25,15:00,West Ham,1.7,2–0,0.4,Bristol City,562.0,The Rush Green Bowl,Helen Conley,Match Report,,2,0
219,57,11.0,18-19,Sun,2018-11-25,15:00,Yeovil Town,1.2,0–4,4.8,Manchester City,1153.0,Jewson Stadium,Amy Fearn,Match Report,,0,4
221,59,12.0,18-19,Sun,2018-12-02,12:00,Everton,1.0,2–1,2.2,Liverpool,258.0,Haig Avenue,Simon Mather,Match Report,,2,1
222,60,12.0,18-19,Sun,2018-12-02,12:30,Manchester City,1.3,2–0,0.6,Arsenal,2149.0,Academy Stadium,Abby Marriott,Match Report,,2,0
223,61,12.0,18-19,Sun,2018-12-02,14:00,Brighton,0.7,0–1,1.1,West Ham,376.0,Checkatrade.com Stadium,Kirsty Dowle,Match Report,,0,1
224,62,12.0,18-19,Sun,2018-12-02,14:00,Birmingham City,1.8,2–1,1.0,Yeovil Town,662.0,Damson Park,Jane Simms,Match Report,,2,1
225,63,12.0,18-19,Sun,2018-12-02,14:00,Chelsea,2.1,1–0,0.4,Reading,1741.0,Cherry Red Records Fans' Stadium,Lucy Oliver,Match Report,,1,0
227,65,13.0,18-19,Sun,2018-12-09,12:15,Manchester City,1.1,1–0,0.5,Birmingham City,1157.0,Academy Stadium,,Match Report,,1,0
228,66,13.0,18-19,Sun,2018-12-09,14:00,Reading,1.5,2–2,0.8,Liverpool,582.0,Adams Park,,Match Report,,2,2
229,67,13.0,18-19,Sun,2018-12-09,14:00,Everton,0.8,0–2,1.0,Bristol City,,Haig Avenue,,Match Report,,0,2
230,68,13.0,18-19,Sun,2018-12-09,14:30,Brighton,0.8,0–4,3.0,Chelsea,733.0,Checkatrade.com Stadium,,Match Report,,0,4
231,69,13.0,18-19,Sun,2018-12-09,15:00,Yeovil Town,0.4,0–5,3.5,West Ham,516.0,Jewson Stadium,,Match Report,,0,5
233,71,14.0,18-19,Sun,2019-01-06,12:30,West Ham,0.8,2–4,2.3,Arsenal,913.0,The Rush Green Bowl,Will Finnie,Match Report,,2,4
234,72,14.0,18-19,Sun,2019-01-06,14:00,Liverpool,0.6,0–2,1.4,Brighton,398.0,Prenton Park,Elizabeth Simms,Match Report,,0,2
235,73,14.0,18-19,Sun,2019-01-06,14:00,Chelsea,3.3,3–0,0.8,Everton,3221.0,Cherry Red Records Fans' Stadium,Lee Brennan,Match Report,,3,0
236,74,14.0,18-19,Sun,2019-01-06,14:00,Birmingham City,1.3,2–1,1.2,Reading,606.0,Damson Park,Robert Massey Ellis,Match Report,,2,1
237,75,14.0,18-19,Sun,2019-01-06,15:00,Bristol City,1.0,1–1,2.0,Manchester City,812.0,Stoke Gifford Stadium,James Durkin,Match Report,,1,1
239,77,15.0,18-19,Sun,2019-01-13,12:30,Arsenal,1.0,1–2,1.5,Chelsea,3019.0,Meadow Park,Rebecca Welch,Match Report,,1,2
240,78,15.0,18-19,Sun,2019-01-13,14:00,Brighton,0.3,0–0,0.7,Everton,454.0,Checkatrade.com Stadium,Sunny Gill,Match Report,,0,0
241,79,15.0,18-19,Sun,2019-01-13,14:00,Birmingham City,0.7,0–1,0.8,Bristol City,610.0,Damson Park,Lisa Benn,Match Report,,0,1
242,80,15.0,18-19,Sun,2019-01-13,15:00,Yeovil Town,0.6,1–2,1.7,Liverpool,984.0,Jewson Stadium,,Match Report,,1,2
243,81,15.0,18-19,Sun,2019-01-13,15:00,West Ham,0.9,1–3,1.9,Manchester City,640.0,The Rush Green Bowl,Jason Richardson,Match Report,,1,3
245,83,16.0,18-19,Sun,2019-01-27,12:30,Reading,0.4,0–3,1.9,Arsenal,1269.0,Adams Park,,Match Report,,0,3
246,84,16.0,18-19,Sun,2019-01-27,14:00,Chelsea,0.9,2–3,1.2,Birmingham City,2053.0,Cherry Red Records Fans' Stadium,,Match Report,,2,3
247,85,16.0,18-19,Sun,2019-01-27,14:00,Manchester City,3.4,3–0,0.2,Brighton,1279.0,Academy Stadium,,Match Report,,3,0
248,86,16.0,18-19,Sun,2019-01-27,15:00,Bristol City,1.3,2–1,0.9,Yeovil Town,616.0,Stoke Gifford Stadium,,Match Report,,2,1
249,87,16.0,18-19,Mon,2019-01-28,19:00,Liverpool,0.6,1–0,0.6,West Ham,186.0,Prenton Park,Rebecca Welch,Match Report,,1,0
251,89,9.0,18-19,Sun,2019-02-10,13:00,Manchester City,2.3,2–2,1.7,Chelsea,3078.0,Academy Stadium,Matthew Dicicco,Match Report,,2,2
252,90,9.0,18-19,Sun,2019-02-10,15:00,Bristol City,0.4,0–0,1.6,Brighton,256.0,Stoke Gifford Stadium,,Match Report,,0,0
254,92,17.0,18-19,Wed,2019-02-20,19:00,Manchester City,2.3,3–1,1.2,Everton,864.0,Academy Stadium,,Match Report,,3,1
255,93,17.0,18-19,Wed,2019-02-20,19:30,Reading,1.2,1–2,1.2,West Ham,2148.0,Madejski Stadium,Rebecca Welch,Match Report,,1,2
256,94,17.0,18-19,Wed,2019-02-20,19:30,Chelsea,2.8,6–0,0.2,Bristol City,1821.0,Cherry Red Records Fans' Stadium,Tom Bishop,Match Report,,6,0
257,95,17.0,18-19,Wed,2019-02-20,19:30,Arsenal,3.0,3–0,0.1,Yeovil Town,1107.0,Meadow Park,,Match Report,,3,0
258,96,17.0,18-19,Wed,2019-02-20,19:45,Brighton,1.4,2–1,1.1,Birmingham City,358.0,Culver Road,,Match Report,,2,1
260,98,18.0,18-19,Wed,2019-03-13,19:00,Liverpool,0.1,0–4,2.5,Chelsea,237.0,Prenton Park,,Match Report,,0,4
261,99,18.0,18-19,Wed,2019-03-13,19:30,Reading,2.7,3–4,2.8,Manchester City,449.0,Adams Park,,Match Report,,3,4
262,100,18.0,18-19,Wed,2019-03-13,19:45,West Ham,0.4,0–1,1.1,Everton,607.0,The Rush Green Bowl,,Match Report,,0,1
263,101,18.0,18-19,Wed,2019-03-13,19:45,Yeovil Town,0.7,1–1,2.6,Brighton,408.0,Jewson Stadium,,Match Report,,1,1
264,102,18.0,18-19,Thu,2019-03-14,19:30,Arsenal,1.9,4–0,0.5,Bristol City,5265.0,Meadow Park,Rob Whitton,Match Report,,4,0
266,104,9.0,18-19,Sun,2019-03-24,12:30,Liverpool,1.3,1–5,2.3,Arsenal,506.0,Prenton Park,Rebecca Welch,Match Report,,1,5
268,106,4.0,18-19,Sun,2019-03-24,15:00,Bristol City,0.4,1–0,2.2,Everton,495.0,Stoke Gifford Stadium,Stacey Pearson,Match Report,,1,0
270,108,19.0,18-19,Sun,2019-03-31,12:30,Birmingham City,0.5,0–1,1.4,Arsenal,1520.0,Damson Park,,Match Report,,0,1
271,109,19.0,18-19,Sun,2019-03-31,14:00,Chelsea,2.8,1–1,0.4,West Ham,2854.0,Cherry Red Records Fans' Stadium,,Match Report,,1,1
272,110,19.0,18-19,Sun,2019-03-31,14:00,Everton,0.9,0–1,0.1,Yeovil Town,230.0,Haig Avenue,,Match Report,,0,1
273,111,19.0,18-19,Sun,2019-03-31,14:00,Manchester City,2.6,2–1,0.9,Liverpool,1568.0,Academy Stadium,,Match Report,,2,1
274,112,19.0,18-19,Sun,2019-03-31,15:00,Bristol City,0.4,0–1,2.1,Reading,391.0,Stoke Gifford Stadium,Samuel Allison,Match Report,,0,1
276,114,9.0,18-19,Wed,2019-04-17,19:00,Everton,2.4,1–3,1.7,Birmingham City,103.0,Haig Avenue,,Match Report,,1,3
277,115,9.0,18-19,Wed,2019-04-17,19:45,Yeovil Town,2.1,0–5,2.5,Reading,407.0,Jewson Stadium,Scott Jackson,Match Report,,0,5
279,117,20.0,18-19,Sat,2019-04-20,13:00,Reading,1.5,1–0,1.0,Brighton,1119.0,Madejski Stadium,,Match Report,,1,0
280,118,20.0,18-19,Sun,2019-04-21,12:30,Arsenal,1.3,2–1,0.1,Everton,2003.0,Meadow Park,Stacey Pearson,Match Report,,2,1
281,119,20.0,18-19,Sun,2019-04-21,14:00,Liverpool,2.6,5–2,0.9,Bristol City,324.0,Prenton Park,Lucy Oliver,Match Report,,5,2
282,120,20.0,18-19,Sun,2019-04-21,15:00,West Ham,0.1,1–2,1.1,Birmingham City,706.0,The Rush Green Bowl,,Match Report,,1,2
284,122,21.0,18-19,Sun,2019-04-28,14:00,Birmingham City,1.6,2–0,0.4,Liverpool,1545.0,St Andrew's Trillion Trophy Stadium,,Match Report,,2,0
285,123,21.0,18-19,Sun,2019-04-28,14:00,Everton,0.7,3–2,0.8,Reading,174.0,Haig Avenue,Andrew Kitchen,Match Report,,3,2
286,124,21.0,18-19,Sun,2019-04-28,14:15 (12:15),Brighton,0.2,0–4,2.0,Arsenal,5265.0,Al-Shaab Stadium,Lucy Oliver,Match Report,,0,4
287,125,21.0,18-19,Sun,2019-04-28,15:00,Bristol City,0.7,1–2,1.7,West Ham,602.0,Stoke Gifford Stadium,Richard Holme,Match Report,,1,2
288,126,21.0,18-19,Sun,2019-04-28,15:00 (14:00),Manchester City,3.8,2–1,0.5,Yeovil Town,1369.0,Cairo Military Academy Stadium 2,Richard Aspinall,Match Report,,2,1
290,128,20.0,18-19,Tue,2019-05-07,19:45,Yeovil Town,0.2,0–8,3.5,Chelsea,843.0,Jewson Stadium,Gary Parsons,Match Report,,0,8
292,130,22.0,18-19,Sat,2019-05-11,12:30,Liverpool,3.0,3–1,0.7,Everton,1842.0,Prenton Park,,Match Report,,3,1
293,131,22.0,18-19,Sat,2019-05-11,12:30,West Ham,0.1,0–4,1.5,Brighton,1412.0,The Rush Green Bowl,,Match Report,,0,4
294,132,22.0,18-19,Sat,2019-05-11,12:30,Arsenal,1.5,1–0,0.8,Manchester City,2200.0,Meadow Park,Rebecca Welch,Match Report,,1,0
295,133,22.0,18-19,Sat,2019-05-11,12:30,Yeovil Town,0.2,0–2,2.6,Birmingham City,463.0,Jewson Stadium,Kirsty Dowle,Match Report,,0,2
296,134,22.0,18-19,Sat,2019-05-11,12:30,Reading,1.5,2–3,3.1,Chelsea,612.0,Adams Park,,Match Report,,2,3
298,1,,16-17,Sat,2017-04-22,18:00,Bristol City,,1–3,,Reading,1127.0,Ashton Gate Stadium,Robert Massey Ellis,Match Report,,1,3
299,2,,16-17,Sun,2017-04-23,14:00,Yeovil Town,,1–4,,Liverpool,1897.0,Huish Park Stadium,Richard Holme,Match Report,,1,4
300,3,,16-17,Sun,2017-04-23,14:00,Birmingham City,,0–0,,Sunderland,442.0,Damson Park,Timothy Walker,Match Report,,0,0
301,4,,16-17,Fri,2017-04-28,19:00,Liverpool,,4–2,,Reading,466.0,Select Security Stadium,Matt Donohue,Match Report,,4,2
303,6,,16-17,Sun,2017-04-30,14:00,Sunderland,,0–0,,Arsenal,577.0,Eppleton Colliery Football Ground,Rebecca Welch,Match Report,,0,0
304,7,,16-17,Sun,2017-04-30,14:00,Chelsea,,6–0,,Yeovil Town,1077.0,Wheatsheaf Park,Ian Fissenden,Match Report,,6,0
306,9,,16-17,Wed,2017-05-03,19:00,Manchester City,,1–1,,Birmingham City,2440.0,Academy Stadium,Joseph Johnson,Match Report,,1,1
307,10,,16-17,Wed,2017-05-03,19:00,Yeovil Town,,2–3,,Bristol City,312.0,Viridor Stadium,Marc Whaley,Match Report,,2,3
308,11,,16-17,Wed,2017-05-03,19:35,Reading,,0–4,,Chelsea,797.0,Adams Park,Chris O'Donnell,Match Report,,0,4
309,12,,16-17,Thu,2017-05-04,19:30,Arsenal,,4–4,,Liverpool,696.0,The Hive Stadium,David Rock,Match Report,,4,4
311,14,,16-17,Sat,2017-05-06,18:00,Sunderland,,1–0,,Bristol City,277.0,Eppleton Colliery Football Ground,Helen Conley,Match Report,,1,0
312,15,,16-17,Sun,2017-05-07,14:00,Birmingham City,,0–2,,Liverpool,1110.0,St Andrew's Trillion Trophy Stadium,Robbie Dadley,Match Report,,0,2
313,16,,16-17,Sun,2017-05-07,14:00,Reading,,2–3,,Manchester City,579.0,Adams Park,Paul Forrester,Match Report,,2,3
314,17,,16-17,Sun,2017-05-07,14:00,Yeovil Town,,1–5,,Arsenal,824.0,Viridor Stadium,Scott Jackson,Match Report,,1,5
315,18,,16-17,Tue,2017-05-09,19:00,Bristol City,,0–3,,Manchester City,875.0,Stoke Gifford Stadium,Savvas Yianni,Match Report,,0,3
317,20,,16-17,Wed,2017-05-17,19:00,Yeovil Town,,0–1,,Reading,356.0,Viridor Stadium,Martin Underhay,Match Report,,0,1
318,21,,16-17,Wed,2017-05-17,19:00,Liverpool,,4–0,,Sunderland,441.0,Select Security Stadium,Martin Woods,Match Report,,4,0
319,22,,16-17,Wed,2017-05-17,19:35,Chelsea,,2–2,,Arsenal,1009.0,Wheatsheaf Park,Aji Ajibola,Match Report,,2,2
320,23,,16-17,Wed,2017-05-17,19:45,Birmingham City,,2–0,,Bristol City,419.0,Damson Park,Sarah Garratt,Match Report,,2,0
322,25,,16-17,Sat,2017-05-20,13:00,Arsenal,,4–2,,Birmingham City,1070.0,The Hive Stadium,Neil Morrison,Match Report,,4,2
323,26,,16-17,Sat,2017-05-20,18:00,Bristol City,,1–1,,Liverpool,1142.0,Stoke Gifford Stadium,Adam Ricketts,Match Report,,1,1
324,27,,16-17,Sun,2017-05-21,14:00,Sunderland,,0–7,,Chelsea,775.0,Eppleton Colliery Football Ground,Lucy Oliver,Match Report,,0,7
325,28,,16-17,Sun,2017-05-21,14:00,Manchester City,,5–1,,Yeovil Town,1153.0,Academy Stadium,Paul Graham,Match Report,,5,1
326,29,,16-17,Thu,2017-05-25,19:00,Manchester City,,1–0,,Chelsea,1069.0,Academy Stadium,Simeon Lucas,Match Report,,1,0
328,31,,16-17,Sun,2017-05-28,12:00,Manchester City,,0–1,,Arsenal,1808.0,Academy Stadium,Anthony Tankard,Match Report,,0,1
329,32,,16-17,Sun,2017-05-28,12:05,Chelsea,,7–0,,Liverpool,1654.0,Wheatsheaf Park,Jakub Myles,Match Report,,7,0
330,33,,16-17,Sun,2017-05-28,14:00,Yeovil Town,,1–2,,Sunderland,331.0,Fairfax Park,Simon Shaw,Match Report,,1,2
331,34,,16-17,Sun,2017-05-28,14:00,Reading,,1–1,,Birmingham City,536.0,Adams Park,Stephen Bates,Match Report,,1,1
333,36,,16-17,Wed,2017-05-31,19:00,Sunderland,,0–1,,Manchester City,1054.0,Eppleton Colliery Football Ground,Andrew Miller,Match Report,,0,1
334,37,,16-17,Wed,2017-05-31,19:05,Bristol City,,0–4,,Chelsea,823.0,Stoke Gifford Stadium,Richard Hulme,Match Report,,0,4
335,38,,16-17,Wed,2017-05-31,19:30,Arsenal,,1–0,,Reading,870.0,The Hive Stadium,Alan Dale,Match Report,,1,0
336,39,,16-17,Wed,2017-05-31,19:45,Birmingham City,,0–0,,Yeovil Town,625.0,Damson Park,Matthew Law,Match Report,,0,0
338,41,,16-17,Sat,2017-06-03,15:30,Bristol City,,0–5,,Arsenal,1050.0,Stoke Gifford Stadium,Samuel Allison,Match Report,,0,5
339,42,,16-17,Sat,2017-06-03,15:30,Sunderland,,1–1,,Reading,464.0,Eppleton Colliery Football Ground,Paul Brown,Match Report,,1,1
340,43,,16-17,Sat,2017-06-03,15:30,Birmingham City,,0–2,,Chelsea,1171.0,Damson Park,Daniel Middleton,Match Report,,0,2
341,44,,16-17,Sat,2017-06-03,15:30,Liverpool,,1–3,,Manchester City,1508.0,Select Security Stadium,Peter Gibbons,Match Report,,1,3
342,0,1.0,20-21,Sat,2020-09-05,14:30,Aston Villa,0.9,0–2,2.8,Manchester City,,Villa Park,Abigail Bryne,Match Report,,0,2
343,1,1.0,20-21,Sun,2020-09-06,12:30,Arsenal,4.0,6–1,1.0,Reading,,Meadow Park,Amy Fearn,Match Report,,6,1
344,2,1.0,20-21,Sun,2020-09-06,14:00,Tottenham,0.7,1–1,1.1,West Ham,,The Hive Stadium,Kirsty Dowle,Match Report,,1,1
345,3,1.0,20-21,Sun,2020-09-06,14:00,Brighton,1.2,2–0,0.2,Birmingham City,,The People’s Pension Stadium,Rob Whitton,Match Report,,2,0
346,4,1.0,20-21,Sun,2020-09-06,14:00,Bristol City,0.8,0–4,3.2,Everton,,Twerton Park Stadium,Scott Jackson,Match Report,,0,4
347,5,1.0,20-21,Sun,2020-09-06,14:30,Manchester Utd,1.4,1–1,3.2,Chelsea,,Leigh Sports Village Stadium,Rebecca Welch,Match Report,,1,1
349,7,2.0,20-21,Sat,2020-09-12,17:20,West Ham,0.1,1–9,3.7,Arsenal,,Chigwell Construction Stadium,Abigail Bryne,Match Report,,1,9
350,8,2.0,20-21,Sun,2020-09-13,12:30,Chelsea,6.6,9–0,0.1,Bristol City,,Cherry Red Records Fans' Stadium,Stacey Pearson,Match Report,,9,0
351,9,2.0,20-21,Sun,2020-09-13,13:00,Everton,1.3,1–0,0.4,Tottenham,,Walton Hall Park,Robert Massey Ellis,Match Report,,1,0
352,10,2.0,20-21,Sun,2020-09-13,14:00,Birmingham City,0.3,2–5,2.5,Manchester Utd,,SportNation.bet Stadium,Lucy Oliver,Match Report,,2,5
353,11,2.0,20-21,Sun,2020-09-13,14:00,Reading,3.6,3–1,1.2,Aston Villa,,Madejski Stadium,Emily Heaslip,Match Report,,3,1
354,12,2.0,20-21,Sun,2020-09-13,14:00,Manchester City,2.0,0–0,0.3,Brighton,,Academy Stadium,Helen Conley,Match Report,,0,0
356,14,3.0,20-21,Sat,2020-10-03,12:30,Aston Villa,0.8,0–6,2.4,Everton,,The Banks's Stadium,Kirsty Dowle,Match Report,,0,6
357,15,3.0,20-21,Sun,2020-10-04,12:00,Manchester Utd,4.5,3–0,0.5,Brighton,,Leigh Sports Village Stadium,Elliot Swallow,Match Report,,3,0
358,16,3.0,20-21,Sun,2020-10-04,12:30,Manchester City,2.8,4–1,0.2,Tottenham,,Academy Stadium,Stacey Pearson,Match Report,,4,1
359,17,3.0,20-21,Sun,2020-10-04,14:00,Arsenal,3.2,3–1,0.1,Bristol City,,Meadow Park,Jack Packman,Match Report,,3,1
360,18,3.0,20-21,Sun,2020-10-04,14:30,Birmingham City,0.1,0–1,1.3,Chelsea,,SportNation.bet Stadium,Abigail Bryne,Match Report,,0,1
361,19,3.0,20-21,Sun,2020-10-04,15:00,West Ham,1.4,0–1,1.3,Reading,,Chigwell Construction Stadium,Rob Whitton,Match Report,,0,1
363,21,4.0,20-21,Sat,2020-10-10,12:30,Tottenham,0.2,0–1,1.6,Manchester Utd,,The Hive Stadium,Amy Fearn,Match Report,,0,1
364,22,4.0,20-21,Sun,2020-10-11,12:30,Brighton,0.6,0–5,2.3,Arsenal,,The People’s Pension Stadium,Kirsty Dowle,Match Report,,0,5
365,23,4.0,20-21,Sun,2020-10-11,13:00,Everton,2.2,3–1,0.7,West Ham,,Walton Hall Park,Edward Duckworth,Match Report,,3,1
366,24,4.0,20-21,Sun,2020-10-11,14:00,Reading,1.6,0–1,0.5,Birmingham City,,Madejski Stadium,Sarah Garratt,Match Report,,0,1
367,25,4.0,20-21,Sun,2020-10-11,14:30,Chelsea,2.7,3–1,1.2,Manchester City,,Cherry Red Records Fans' Stadium,Rebecca Welch,Match Report,,3,1
369,27,5.0,20-21,Sun,2020-10-18,12:30,West Ham,0.4,2–4,3.4,Manchester Utd,,Chigwell Construction Stadium,Ryan Atkin,Match Report,,2,4
370,28,5.0,20-21,Sun,2020-10-18,13:00,Everton,1.7,2–2,0.8,Brighton,,Walton Hall Park,Lucy Oliver,Match Report,,2,2
371,29,5.0,20-21,Sun,2020-10-18,14:00,Reading,0.2,1–1,1.8,Manchester City,,Madejski Stadium,Savvas Yianni,Match Report,,1,1
372,30,5.0,20-21,Sun,2020-10-18,14:00,Bristol City,0.4,0–4,2.1,Birmingham City,,Twerton Park Stadium,Helen Conley,Match Report,,0,4
373,31,5.0,20-21,Sun,2020-10-18,14:30,Arsenal,2.8,6–1,1.2,Tottenham,,Meadow Park,Abigail Bryne,Match Report,,6,1
375,33,6.0,20-21,Sat,2020-11-07,14:00,Tottenham,0.8,1–1,1.6,Reading,,The Hive Stadium,Helen Conley,Match Report,,1,1
376,34,6.0,20-21,Sat,2020-11-07,15:00,Manchester City,4.4,8–1,0.5,Bristol City,,Academy Stadium,Christiana Hattersley,Match Report,,8,1
377,35,6.0,20-21,Sun,2020-11-08,12:00,Chelsea,2.0,4–0,0.7,Everton,,Cherry Red Records Fans' Stadium,Abigail Bryne,Match Report,,4,0
378,36,6.0,20-21,Sun,2020-11-08,14:00,Birmingham City,0.7,1–2,0.9,West Ham,,SportNation.bet Stadium,Richie Watkins,Match Report,,1,2
379,37,6.0,20-21,Sun,2020-11-08,14:00,Brighton,0.5,0–2,0.7,Aston Villa,,The People’s Pension Stadium,Stacey Pearson,Match Report,,0,2
380,38,6.0,20-21,Sun,2020-11-08,14:30,Manchester Utd,1.4,1–0,0.5,Arsenal,,Leigh Sports Village Stadium,Peter Shacklady,Match Report,,1,0
382,40,7.0,20-21,Sat,2020-11-14,12:30,Manchester Utd,1.2,2–2,1.7,Manchester City,,Leigh Sports Village Stadium,Amy Fearn,Match Report,,2,2
383,41,7.0,20-21,Sat,2020-11-14,14:30,Aston Villa,0.7,0–1,0.9,Birmingham City,,The Banks's Stadium,Rebecca Welch,Match Report,,0,1
384,42,7.0,20-21,Sat,2020-11-14,16:30,Everton,1.5,1–1,0.3,Reading,,Walton Hall Park,Emily Heaslip,Match Report,,1,1
385,43,7.0,20-21,Sat,2020-11-14,18:30,Bristol City,1.5,2–2,0.8,Tottenham,,Twerton Park Stadium,Lisa Benn,Match Report,,2,2
386,44,7.0,20-21,Sun,2020-11-15,12:30,West Ham,1.4,0–1,0.7,Brighton,,Chigwell Construction Stadium,Abigail Bryne,Match Report,,0,1
387,45,7.0,20-21,Sun,2020-11-15,14:30,Arsenal,1.5,1–1,1.0,Chelsea,,Meadow Park,Kirsty Dowle,Match Report,,1,1
389,47,8.0,20-21,Sat,2020-12-05,12:30,Aston Villa,0.8,0–2,1.9,Manchester Utd,,The Banks's Stadium,Abigail Bryne,Match Report,,0,2
390,48,8.0,20-21,Sun,2020-12-06,12:30,Chelsea,3.3,3–2,1.1,West Ham,266.0,Cherry Red Records Fans' Stadium,Rebecca Welch,Match Report,,3,2
391,49,8.0,20-21,Sun,2020-12-06,14:00,Arsenal,3.6,3–0,0.1,Birmingham City,,Meadow Park,Christiana Hattersley,Match Report,,3,0
392,50,8.0,20-21,Sun,2020-12-06,14:00,Tottenham,2.4,3–1,1.6,Brighton,,The Hive Stadium,Emily Heaslip,Match Report,,3,1
393,51,8.0,20-21,Sun,2020-12-06,14:00,Reading,2.7,1–1,1.0,Bristol City,,Madejski Stadium,Lucy Oliver,Match Report,,1,1
394,52,8.0,20-21,Sun,2020-12-06,14:30,Everton,0.5,0–3,2.4,Manchester City,,Walton Hall Park,Stacey Pearson,Match Report,,0,3
396,54,4.0,20-21,Wed,2020-12-09,19:30,Bristol City,0.5,0–4,1.6,Aston Villa,,Twerton Park Stadium,Amy Fearn,Match Report,,0,4
398,56,9.0,20-21,Sun,2020-12-13,12:30,Reading,0.5,1–2,1.9,Manchester Utd,,Madejski Stadium,Helen Conley,Match Report,,1,2
399,57,9.0,20-21,Sun,2020-12-13,14:00,Bristol City,0.4,0–4,2.0,West Ham,,Twerton Park Stadium,Jane Simms,Match Report,,0,4
400,58,9.0,20-21,Sun,2020-12-13,14:00,Brighton,0.1,0–1,0.7,Chelsea,457.0,The People’s Pension Stadium,Lisa Benn,Match Report,,0,1
401,59,9.0,20-21,Sun,2020-12-13,14:00,Tottenham,1.8,3–1,0.5,Aston Villa,,The Hive Stadium,Sarah Garratt,Match Report,,3,1
402,60,9.0,20-21,Sun,2020-12-13,14:30,Manchester City,1.8,2–1,0.1,Arsenal,,Academy Stadium,Emily Heaslip,Match Report,,2,1
404,62,10.0,20-21,Sun,2020-12-20,12:00,Manchester Utd,1.8,6–1,0.9,Bristol City,,Leigh Sports Village Stadium,Lisa Benn,Match Report,,6,1
405,63,10.0,20-21,Sun,2020-12-20,12:30,Arsenal,3.2,4–0,0.2,Everton,,Meadow Park,Helen Conley,Match Report,,4,0
406,64,10.0,20-21,Sun,2020-12-20,14:30,Brighton,1.6,1–3,0.9,Reading,365.0,The People’s Pension Stadium,Abigail Bryne,Match Report,,1,3
408,66,11.0,20-21,Sun,2021-01-10,14:00,Reading,0.2,0–5,1.8,Chelsea,,Madejski Stadium,Abigail Bryne,Match Report,,0,5
409,67,11.0,20-21,Sun,2021-01-10,14:00,Tottenham,,0–0,,Birmingham City,,The Hive Stadium,Jane Simms,Match Report,Match awarded to Tottenham,0,0
411,69,12.0,20-21,Sun,2021-01-17,12:30,Manchester City,3.8,7–0,0.3,Aston Villa,,Academy Stadium,Amy Fearn,Match Report,,7,0
412,70,12.0,20-21,Sun,2021-01-17,13:00,Everton,2.4,4–0,0.8,Bristol City,,Walton Hall Park,Christiana Hattersley,Match Report,,4,0
413,71,12.0,20-21,Sun,2021-01-17,14:00,Reading,0.3,1–1,2.9,Arsenal,,Madejski Stadium,Lisa Benn,Match Report,,1,1
414,72,12.0,20-21,Sun,2021-01-17,14:00,Birmingham City,0.3,0–0,1.0,Brighton,,SportNation.bet Stadium,Helen Conley,Match Report,,0,0
415,73,12.0,20-21,Sun,2021-01-17,14:30,Chelsea,2.0,2–1,0.2,Manchester Utd,,Cherry Red Records Fans' Stadium,Rebecca Welch,Match Report,,2,1
416,74,12.0,20-21,Sun,2021-01-17,15:00,West Ham,0.9,0–1,0.9,Tottenham,,Chigwell Construction Stadium,Lucy Oliver,Match Report,,0,1
418,76,13.0,20-21,Sat,2021-01-23,12:30,Aston Villa,0.8,2–2,2.2,Reading,,The Banks's Stadium,Kirsty Dowle,Match Report,,2,2
419,77,13.0,20-21,Sun,2021-01-24,12:00,Manchester Utd,3.1,2–0,0.0,Birmingham City,,Leigh Sports Village Stadium,Stacey Pearson,Match Report,,2,0
420,78,13.0,20-21,Sun,2021-01-24,14:00,Brighton,0.2,1–7,4.2,Manchester City,,The People’s Pension Stadium,Lisa Benn,Match Report,,1,7
422,80,5.0,20-21,Wed,2021-01-27,19:00,Aston Villa,0.4,0–4,1.7,Chelsea,,The Banks's Stadium,Helen Conley,Match Report,,0,4
424,82,11.0,20-21,Sat,2021-01-30,14:00,Bristol City,1.6,3–0,0.4,Brighton,,Twerton Park Stadium,Lucy Oliver,Match Report,,3,0
426,84,10.0,20-21,Sun,2021-01-31,12:30,Chelsea,2.5,4–0,0.5,Tottenham,,Cherry Red Records Fans' Stadium,Sarah Garratt,Match Report,,4,0
428,86,11.0,20-21,Sun,2021-01-31,14:00,Manchester City,3.4,4–0,0.1,West Ham,,Academy Stadium,Jane Simms,Match Report,,4,0
429,87,11.0,20-21,Sun,2021-01-31,14:30,Everton,0.3,0–2,1.5,Manchester Utd,,Walton Hall Park,Kirsty Dowle,Match Report,,0,2
431,89,14.0,20-21,Sat,2021-02-06,12:30,Aston Villa,0.3,1–0,0.4,Tottenham,,The Banks's Stadium,Jane Simms,Match Report,,1,0
432,90,14.0,20-21,Sun,2021-02-07,12:30,Manchester Utd,1.3,0–2,1.7,Reading,,Leigh Sports Village Stadium,Edward Duckworth,Match Report,,0,2
433,91,14.0,20-21,Sun,2021-02-07,14:00,Chelsea,2.0,1–2,0.8,Brighton,,Cherry Red Records Fans' Stadium,Christiana Hattersley,Match Report,,1,2
434,92,14.0,20-21,Sun,2021-02-07,14:00,Everton,0.8,1–1,1.1,Birmingham City,,Walton Hall Park,Lisa Benn,Match Report,,1,1
435,93,14.0,20-21,Sun,2021-02-07,14:30,Arsenal,0.6,1–2,1.9,Manchester City,,Meadow Park,Kirsty Dowle,Match Report,,1,2
436,94,14.0,20-21,Sun,2021-02-07,15:00,West Ham,0.3,1–1,1.3,Bristol City,,Chigwell Construction Stadium,Sarah Garratt,Match Report,,1,1
438,96,15.0,20-21,Wed,2021-02-10,19:00,Brighton,1.6,1–0,0.5,West Ham,,The People’s Pension Stadium,Isaac Searle,Match Report,,1,0
439,97,15.0,20-21,Wed,2021-02-10,19:00,Chelsea,1.2,3–0,0.9,Arsenal,,Cherry Red Records Fans' Stadium,Amy Fearn,Match Report,,3,0
440,98,15.0,20-21,Fri,2021-02-12,19:00,Manchester City,1.3,3–0,0.5,Manchester Utd,,Academy Stadium,Abigail Bryne,Match Report,,3,0
441,99,15.0,20-21,Sun,2021-02-14,14:00,Reading,1.7,1–1,0.5,Everton,,Madejski Stadium,Stacey Pearson,Match Report,,1,1
443,101,13.0,20-21,Sun,2021-02-14,15:00,Bristol City,0.1,0–5,3.4,Chelsea,,Twerton Park Stadium,Emily Heaslip,Match Report,,0,5
445,103,10.0,20-21,Sun,2021-02-28,14:00,Birmingham City,0.1,0–4,1.3,Manchester City,,SportNation.bet Stadium,Helen Conley,Match Report,,0,4
447,105,11.0,20-21,Sun,2021-02-28,14:00,Aston Villa,0.3,0–4,2.6,Arsenal,,The Banks's Stadium,Lisa Benn,Match Report,,0,4
449,107,13.0,20-21,Sun,2021-02-28,14:00,Tottenham,0.7,2–3,2.4,Everton,,The Hive Stadium,Abigail Bryne,Match Report,,2,3
451,109,16.0,20-21,Sun,2021-03-07,12:00,Manchester Utd,1.0,3–0,0.0,Aston Villa,,Leigh Sports Village Stadium,Helen Conley,Match Report,,3,0
452,110,16.0,20-21,Sun,2021-03-07,14:00,Manchester City,1.2,1–0,0.1,Everton,,Academy Stadium,Sarah Garratt,Match Report,,1,0
453,111,16.0,20-21,Sun,2021-03-07,14:00,Brighton,0.4,2–0,1.2,Tottenham,,The People’s Pension Stadium,Stacey Pearson,Match Report,,2,0
454,112,16.0,20-21,Sun,2021-03-07,14:00,Birmingham City,0.1,0–4,3.6,Arsenal,,SportNation.bet Stadium,Jane Simms,Match Report,,0,4
455,113,16.0,20-21,Sun,2021-03-07,15:00,West Ham,0.5,0–2,2.9,Chelsea,,Chigwell Construction Stadium,Rob Whitton,Match Report,,0,2
456,114,16.0,20-21,Mon,2021-03-08,20:15,Bristol City,0.9,3–2,1.9,Reading,,Twerton Park Stadium,Rebecca Welch,Match Report,,3,2
458,116,9.0,20-21,Thu,2021-03-11,19:00,Birmingham City,0.3,0–4,1.1,Everton,,SportNation.bet Stadium,Lisa Benn,Match Report,,0,4
460,118,17.0,20-21,Sun,2021-03-14,12:30,Reading,0.9,0–0,0.8,Tottenham,,Madejski Stadium,Christiana Hattersley,Match Report,,0,0
461,119,17.0,20-21,Wed,2021-03-17,19:00,Everton,0.5,0–3,3.4,Chelsea,,Walton Hall Park,Emily Heaslip,Match Report,,0,3
462,120,17.0,20-21,Wed,2021-03-17,19:30,West Ham,1.3,2–2,1.1,Birmingham City,,Chigwell Construction Stadium,Stacey Pearson,Match Report,,2,2
463,121,17.0,20-21,Wed,2021-03-17,19:30,Aston Villa,0.8,0–2,1.7,Brighton,,The Banks's Stadium,Rebecca Welch,Match Report,,0,2
464,122,17.0,20-21,Wed,2021-03-17,19:30,Bristol City,0.3,0–3,2.3,Manchester City,,Twerton Park Stadium,Scott Jackson,Match Report,,0,3
465,123,17.0,20-21,Fri,2021-03-19,18:30,Arsenal,0.9,2–0,0.8,Manchester Utd,,Meadow Park,Amy Fearn,Match Report,,2,0
467,125,15.0,20-21,Sun,2021-03-21,14:00,Tottenham,1.5,1–1,0.5,Bristol City,,The Hive Stadium,Jane Simms,Match Report,,1,1
469,127,18.0,20-21,Sat,2021-03-27,11:30,Manchester Utd,2.0,2–0,0.5,West Ham,,Leigh Sports Village Stadium,Lisa Benn,Match Report,,2,0
470,128,18.0,20-21,Sat,2021-03-27,15:30,Tottenham,1.1,0–3,1.8,Arsenal,,The Hive Stadium,Helen Conley,Match Report,,0,3
471,129,18.0,20-21,Sat,2021-03-27,17:30,Manchester City,2.3,1–0,0.2,Reading,,Academy Stadium,Stacey Pearson,Match Report,,1,0
472,130,18.0,20-21,Sun,2021-03-28,12:30,Brighton,0.3,0–5,3.0,Everton,,Twerton Park Stadium,Christiana Hattersley,Match Report,,0,5
473,131,18.0,20-21,Sun,2021-03-28,14:30,Chelsea,1.1,2–0,0.0,Aston Villa,,Cherry Red Records Fans' Stadium,Sarah Garratt,Match Report,,2,0
474,132,18.0,20-21,Sun,2021-03-28,16:00,Birmingham City,0.6,1–1,1.1,Bristol City,,SportNation.bet Stadium,Kirsty Dowle,Match Report,,1,1
476,134,19.0,20-21,Sat,2021-04-03,14:00,Reading,0.5,0–5,2.2,West Ham,,Madejski Stadium,Kirsty Dowle,Match Report,,0,5
477,135,19.0,20-21,Sun,2021-04-04,12:30,Chelsea,3.2,6–0,0.4,Birmingham City,,Cherry Red Records Fans' Stadium,Jane Simms,Match Report,,6,0
478,136,19.0,20-21,Sun,2021-04-04,13:00,Everton,2.2,3–1,0.4,Aston Villa,,Walton Hall Park,Stacey Pearson,Match Report,,3,1
479,137,19.0,20-21,Sun,2021-04-04,14:00,Bristol City,0.1,0–4,3.6,Arsenal,,Twerton Park Stadium,Sarah Garratt,Match Report,,0,4
480,138,19.0,20-21,Sun,2021-04-04,14:00,Tottenham,0.1,0–3,1.7,Manchester City,,The Hive Stadium,Amy Fearn,Match Report,,0,3
481,139,19.0,20-21,Sun,2021-04-04,14:00,Brighton,1.2,1–0,1.2,Manchester Utd,,The People’s Pension Stadium,Abigail Bryne,Match Report,,1,0
483,141,10.0,20-21,Tue,2021-04-20,18:00,West Ham,0.4,0–0,0.0,Aston Villa,,Chigwell Construction Stadium,Amy Fearn,Match Report,,0,0
485,143,20.0,20-21,Wed,2021-04-21,18:00,Manchester City,1.5,2–2,1.6,Chelsea,,Academy Stadium,Rebecca Welch,Match Report,,2,2
486,144,20.0,20-21,Sat,2021-04-24,12:30,Aston Villa,1.2,2–2,0.5,Bristol City,,The Banks's Stadium,Emily Heaslip,Match Report,,2,2
487,145,20.0,20-21,Sun,2021-04-25,12:30,Manchester Utd,2.4,4–1,0.1,Tottenham,,Leigh Sports Village Stadium,Christiana Hattersley,Match Report,,4,1
488,146,20.0,20-21,Sun,2021-04-25,14:00,Arsenal,1.4,2–0,0.2,Brighton,,Meadow Park,Lisa Benn,Match Report,,2,0
489,147,20.0,20-21,Sun,2021-04-25,14:00,Birmingham City,1.2,1–1,0.7,Reading,,SportNation.bet Stadium,Lucy May,Match Report,,1,1
490,148,20.0,20-21,Sun,2021-04-25,15:00,West Ham,1.7,0–0,1.1,Everton,,Chigwell Construction Stadium,Helen Conley,Match Report,,0,0
492,150,15.0,20-21,Wed,2021-04-28,19:00,Birmingham City,0.4,1–1,1.0,Aston Villa,,SportNation.bet Stadium,Jane Simms,Match Report,,1,1
494,152,13.0,20-21,Wed,2021-04-28,19:30,Arsenal,1.9,2–0,0.3,West Ham,,Meadow Park,Emily Heaslip,Match Report,,2,0
496,154,21.0,20-21,Sun,2021-05-02,12:30,Aston Villa,0.5,0–0,1.6,West Ham,,The Banks's Stadium,Rebecca Welch,Match Report,,0,0
497,155,21.0,20-21,Sun,2021-05-02,13:00,Everton,0.4,1–2,1.9,Arsenal,,Walton Hall Park,Sarah Garratt,Match Report,,1,2
498,156,21.0,20-21,Sun,2021-05-02,14:00,Bristol City,1.0,0–1,2.1,Manchester Utd,,Twerton Park Stadium,Lisa Benn,Match Report,,0,1
499,157,21.0,20-21,Sun,2021-05-02,14:00,Reading,1.8,3–2,0.5,Brighton,,Madejski Stadium,Jane Simms,Match Report,,3,2
500,158,21.0,20-21,Sun,2021-05-02,15:00,Manchester City,3.8,4–0,0.0,Birmingham City,,Academy Stadium,Emily Heaslip,Match Report,,4,0
501,159,21.0,20-21,Wed,2021-05-05,17:30,Tottenham,0.2,0–2,3.5,Chelsea,,The Hive Stadium,Amy Fearn,Match Report,,0,2
503,161,22.0,20-21,Sun,2021-05-09,14:30,Birmingham City,0.2,0–1,0.6,Tottenham,,SportNation.bet Stadium,Lisa Benn,Match Report,,0,1
504,162,22.0,20-21,Sun,2021-05-09,14:30,Chelsea,2.4,5–0,0.3,Reading,,Cherry Red Records Fans' Stadium,Stacey Pearson,Match Report,,5,0
505,163,22.0,20-21,Sun,2021-05-09,14:30,West Ham,0.5,0–1,4.7,Manchester City,,Chigwell Construction Stadium,Kirsty Dowle,Match Report,,0,1
506,164,22.0,20-21,Sun,2021-05-09,14:30,Brighton,1.6,3–1,1.0,Bristol City,,The People’s Pension Stadium,Amy Fearn,Match Report,,3,1
507,165,22.0,20-21,Sun,2021-05-09,14:30,Manchester Utd,1.0,2–0,0.7,Everton,,Leigh Sports Village Stadium,Louise Saunders,Match Report,,2,0
508,166,22.0,20-21,Sun,2021-05-09,14:30,Arsenal,1.2,0–0,0.2,Aston Villa,,Meadow Park,Abigail Bryne,Match Report,,0,0
509,0,,19-20,Sat,2019-09-07,15:00,Manchester City,0.5,1–0,1.1,Manchester Utd,31213.0,Etihad Stadium,Rebecca Welch,Match Report,,1,0
510,1,,19-20,Sat,2019-09-07,15:00,Bristol City,0.4,0–0,2.1,Brighton,3041.0,Stoke Gifford Stadium,Abigail Bryne,Match Report,,0,0
511,2,,19-20,Sun,2019-09-08,12:30,Chelsea,1.3,1–0,0.3,Tottenham,24564.0,Stamford Bridge,Jack Packman,Match Report,,1,0
512,3,,19-20,Sun,2019-09-08,14:00,Birmingham City,0.7,0–1,0.8,Everton,873.0,Damson Park,Elliot Swallow,Match Report,,0,1
513,4,,19-20,Sun,2019-09-08,14:00,Liverpool,0.5,0–1,1.0,Reading,1445.0,Prenton Park,Samuel Barrott,Match Report,,0,1
514,5,,19-20,Sun,2019-09-08,14:30,Arsenal,2.6,2–1,0.8,West Ham,1795.0,Meadow Park,Stacey Pearson,Match Report,,2,1
515,6,,19-20,Sun,2019-09-15,12:30,Reading,0.2,0–2,2.3,Manchester City,897.0,Adams Park,Stacey Pearson,Match Report,,0,2
516,7,,19-20,Sun,2019-09-15,12:30,Everton,1.4,2–0,1.0,Bristol City,441.0,Haig Avenue,Amy Fearn,Match Report,,2,0
517,8,,19-20,Sun,2019-09-15,14:00,Tottenham,1.6,1–0,0.3,Liverpool,996.0,The Hive Stadium,Ryan Atkin,Match Report,,1,0
518,9,,19-20,Sun,2019-09-15,14:00,Brighton,0.4,1–1,1.7,Chelsea,1352.0,Checkatrade.com Stadium,Lee Collins,Match Report,,1,1
519,10,,19-20,Sun,2019-09-15,15:00,West Ham,1.4,1–0,0.9,Birmingham City,1297.0,Rush Green Stadium,Paul Howard,Match Report,,1,0
520,11,,19-20,Mon,2019-09-16,19:30,Manchester Utd,0.6,0–1,1.9,Arsenal,2530.0,Leigh Sports Village Stadium,Abigail Bryne,Match Report,,0,1
521,12,,19-20,Sat,2019-09-28,12:00,Manchester Utd,3.2,2–0,0.5,Liverpool,2813.0,Leigh Sports Village Stadium,Lucy Oliver,Match Report,,2,0
522,13,,19-20,Sun,2019-09-29,12:30,Arsenal,1.5,4–0,0.1,Brighton,1607.0,Meadow Park,Elliot Swallow,Match Report,,4,0
523,14,,19-20,Sun,2019-09-29,12:30,Everton,0.6,0–1,1.5,Manchester City,378.0,Meadow Park,Lewis Smith,Match Report,,0,1
524,15,,19-20,Sun,2019-09-29,14:30,West Ham,2.1,0–2,0.9,Tottenham,24790.0,Rush Green Stadium,Abigail Bryne,Match Report,,0,2
525,16,,19-20,Sun,2019-09-29,15:00,Bristol City,0.0,0–4,2.9,Chelsea,986.0,Stoke Gifford Stadium,Lisa Benn,Match Report,,0,4
526,17,,19-20,Sat,2019-10-12,14:00,Manchester City,3.5,3–0,0.3,Birmingham City,1834.0,Academy Stadium,Helen Conley,Match Report,,3,0
527,18,,19-20,Sun,2019-10-13,12:00,Liverpool,1.5,1–1,0.3,Bristol City,924.0,Prenton Park,Martin Woods,Match Report,,1,1
528,19,,19-20,Sun,2019-10-13,12:30,Tottenham,0.8,0–3,3.0,Manchester Utd,1299.0,The Hive Stadium,Kirsty Dowle,Match Report,,0,3
529,20,,19-20,Sun,2019-10-13,14:00,Brighton,2.0,1–3,2.2,West Ham,849.0,Checkatrade.com Stadium,Lisa Benn,Match Report,,1,3
530,21,,19-20,Sun,2019-10-13,14:00,Reading,1.8,3–2,2.3,Everton,616.0,Adams Park,Alan Dale,Match Report,,3,2
531,22,,19-20,Sun,2019-10-13,15:00,Chelsea,1.4,2–1,0.4,Arsenal,4149.0,Cherry Red Records Fans' Stadium,Rebecca Welch,Match Report,,2,1
532,23,,19-20,Sun,2019-10-27,12:30,Everton,0.8,2–0,1.6,Brighton,331.0,Haig Avenue,Jane Simms,Match Report,,2,0
533,24,,19-20,Sun,2019-10-27,12:30,Manchester Utd,0.9,2–0,0.4,Reading,1997.0,Leigh Sports Village Stadium,Helen Conley,Match Report,,2,0
534,25,,19-20,Sun,2019-10-27,14:00,Birmingham City,0.9,2–0,0.5,Liverpool,1056.0,Damson Park,Lisa Benn,Match Report,,2,0
535,26,,19-20,Sun,2019-10-27,14:30,Arsenal,1.1,1–0,0.3,Manchester City,2424.0,Meadow Park,Rebecca Welch,Match Report,,1,0
536,27,,19-20,Sun,2019-10-27,15:00,Bristol City,0.7,1–2,2.2,Tottenham,639.0,Stoke Gifford Stadium,Daniel Lamport,Match Report,,1,2
537,28,,19-20,Sun,2019-10-27,15:00,West Ham,1.6,1–3,1.7,Chelsea,2122.0,Rush Green Stadium,Rob Whitton,Match Report,,1,3
538,29,,19-20,Sun,2019-11-17,12:30,Manchester City,3.0,5–0,0.7,West Ham,2145.0,Academy Stadium,Stacey Pearson,Match Report,,5,0
539,30,,19-20,Sun,2019-11-17,14:00,Reading,3.6,3–3,1.4,Bristol City,1420.0,Adams Park,Kirsty Dowle,Match Report,,3,3
540,31,,19-20,Sun,2019-11-17,14:00,Brighton,2.4,3–0,0.5,Birmingham City,4130.0,Checkatrade.com Stadium,Helen Conley,Match Report,,3,0
541,32,,19-20,Sun,2019-11-17,14:00,Chelsea,1.5,1–0,0.4,Manchester Utd,4790.0,Cherry Red Records Fans' Stadium,Jack Packman,Match Report,,1,0
542,33,,19-20,Sun,2019-11-17,15:00,Tottenham,0.7,0–2,1.4,Arsenal,38262.0,The Hive Stadium,Abigail Bryne,Match Report,,0,2
543,34,,19-20,Sun,2019-11-17,15:00,Liverpool,0.9,0–1,0.9,Everton,23500.0,Prenton Park,Amy Fearn,Match Report,,0,1
544,35,,19-20,Sun,2019-11-24,12:00,Manchester Utd,4.5,4–0,0.1,Brighton,1707.0,Leigh Sports Village Stadium,Steven Copeland,Match Report,,4,0
545,36,,19-20,Sun,2019-11-24,12:30,Bristol City,1.1,0–5,1.9,Manchester City,1212.0,Stoke Gifford Stadium,Lucy Oliver,Match Report,,0,5
546,37,,19-20,Sun,2019-11-24,12:30,Everton,2.1,3–1,0.6,Tottenham,150.0,Walton Hall Park,Michael Barlow,Match Report,,3,1
547,38,,19-20,Sun,2019-11-24,14:00,Arsenal,1.2,1–0,0.4,Liverpool,2017.0,Meadow Park,Elizabeth Simms,Match Report,,1,0
548,39,,19-20,Sun,2019-11-24,14:45,Birmingham City,0.2,0–6,2.7,Chelsea,1159.0,Damson Park,Richard Walker,Match Report,,0,6
549,40,,19-20,Sun,2019-11-24,15:00,West Ham,0.9,2–3,1.3,Reading,1392.0,Rush Green Stadium,Lloyd Wood,Match Report,,2,3
550,41,,19-20,Fri,2019-11-29,19:45,Brighton,1.2,2–2,1.7,Reading,510.0,Checkatrade.com Stadium,Matthew Russell,Match Report,,2,2
551,42,,19-20,Sun,2019-12-01,12:30,Arsenal,8.3,11–1,1.1,Bristol City,1513.0,Meadow Park,Helen Conley,Match Report,,11,1
552,43,,19-20,Sun,2019-12-01,14:00,Manchester City,1.5,1–0,1.1,Liverpool,2293.0,Academy Stadium,Kirsty Dowle,Match Report,,1,0
553,44,,19-20,Sun,2019-12-01,15:00,West Ham,0.4,3–2,1.2,Manchester Utd,1736.0,Rush Green Stadium,Amy Fearn,Match Report,,3,2
554,45,,19-20,Wed,2019-12-04,19:30,Birmingham City,0.8,1–1,1.8,Tottenham,304.0,Damson Park,Jane Simms,Match Report,,1,1
555,46,,19-20,Sun,2019-12-08,12:00,Chelsea,2.4,2–1,0.6,Manchester City,3498.0,Cherry Red Records Fans' Stadium,Amy Fearn,Match Report,,2,1
556,47,,19-20,Sun,2019-12-08,12:00,Manchester Utd,2.2,3–1,0.6,Everton,1805.0,Leigh Sports Village Stadium,Joe Hull,Match Report,,3,1
557,48,,19-20,Sun,2019-12-08,14:00,Tottenham,2.0,1–0,0.8,Brighton,571.0,The Hive Stadium,Emily Heaslip,Match Report,,1,0
558,49,,19-20,Sun,2019-12-08,14:00,Liverpool,1.9,1–1,1.0,West Ham,565.0,Prenton Park,Peter Gibbons,Match Report,,1,1
559,50,,19-20,Sun,2019-12-08,14:30,Reading,1.4,0–3,1.7,Arsenal,943.0,Adams Park,Richard Holme,Match Report,,0,3
560,51,,19-20,Sun,2019-12-08,15:00,Bristol City,0.4,0–2,0.6,Birmingham City,404.0,Stoke Gifford Stadium,Samuel Allison,Match Report,,0,2
561,52,,19-20,Sun,2019-12-15,12:30,Manchester City,3.6,5–0,0.4,Brighton,1173.0,Academy Stadium,Lucy Oliver,Match Report,,5,0
562,53,,19-20,Sun,2019-12-15,12:30,Everton,0.7,1–3,3.5,Arsenal,451.0,Walton Hall Park,Ben Speedie,Match Report,,1,3
563,54,,19-20,Sun,2019-12-15,14:00,Reading,4.3,3–1,0.4,Tottenham,715.0,Adams Park,Stacey Pearson,Match Report,,3,1
564,55,,19-20,Sun,2019-12-15,14:00,Liverpool,0.5,1–1,2.9,Chelsea,540.0,Prenton Park,Louise Saunders,Match Report,,1,1
565,56,,19-20,Sun,2020-01-05,12:00,Manchester Utd,2.4,0–1,0.2,Bristol City,2021.0,Leigh Sports Village Stadium,Lucy Oliver,Match Report,,0,1
566,57,,19-20,Sun,2020-01-05,12:30,Chelsea,4.0,3–1,1.3,Reading,2828.0,Cherry Red Records Fans' Stadium,Stacey Pearson,Match Report,,3,1
567,58,,19-20,Sun,2020-01-05,14:00,Brighton,0.7,1–0,1.1,Liverpool,947.0,Checkatrade.com Stadium,Amy Fearn,Match Report,,1,0
568,59,,19-20,Sun,2020-01-05,14:00,Tottenham,1.3,1–4,3.9,Manchester City,1056.0,The Hive Stadium,Helen Conley,Match Report,,1,4
569,60,,19-20,Sun,2020-01-05,14:00,Arsenal,2.7,2–0,0.3,Birmingham City,2106.0,Meadow Park,Elizabeth Simms,Match Report,,2,0
570,61,,19-20,Sat,2020-01-11,17:30,Manchester City,3.1,3–1,0.2,Everton,1681.0,Academy Stadium,Amy Fearn,Match Report,,3,1
572,63,,19-20,Sun,2020-01-12,12:30,Brighton,0.2,0–4,2.0,Arsenal,1312.0,Checkatrade.com Stadium,Kirsty Dowle,Match Report,,0,4
573,64,,19-20,Sun,2020-01-12,14:00,Chelsea,5.2,6–1,0.3,Bristol City,2866.0,Cherry Red Records Fans' Stadium,Emily Heaslip,Match Report,,6,1
574,65,,19-20,Sun,2020-01-12,14:00,Tottenham,1.2,2–1,0.5,West Ham,855.0,The Hive Stadium,Lucy Oliver,Match Report,,2,1
575,66,,19-20,Sun,2020-01-12,14:00,Reading,1.2,1–0,0.6,Birmingham City,733.0,Adams Park,Tom Bishop,Match Report,,1,0
576,67,,19-20,Sun,2020-01-19,12:00,Manchester Utd,2.7,3–0,0.9,Tottenham,1836.0,Leigh Sports Village Stadium,Edward Duckworth,Match Report,,3,0
577,68,,19-20,Sun,2020-01-19,12:00,Birmingham City,0.2,0–2,2.9,Manchester City,1197.0,Damson Park,Helen Conley,Match Report,,0,2
578,69,,19-20,Sun,2020-01-19,14:00,Everton,2.0,3–1,1.1,Reading,,Walton Hall Park,Peter Shacklady,Match Report,,3,1
579,70,,19-20,Sun,2020-01-19,14:00,Arsenal,0.7,1–4,2.2,Chelsea,4000.0,Meadow Park,Abigail Bryne,Match Report,,1,4
580,71,,19-20,Sun,2020-01-19,15:00,Bristol City,1.3,0–1,1.4,Liverpool,1007.0,Stoke Gifford Stadium,Savvas Yianni,Match Report,,0,1
581,72,,19-20,Sun,2020-01-19,15:00,West Ham,1.8,2–1,2.1,Brighton,1799.0,Rush Green Stadium,Ryan Atkin,Match Report,,2,1
583,74,,19-20,Sun,2020-02-02,14:00,Reading,1.8,1–1,0.4,Manchester Utd,1256.0,Adams Park,Kirsty Dowle,Match Report,,1,1
584,75,,19-20,Sun,2020-02-02,14:00,Chelsea,6.5,8–0,0.2,West Ham,3304.0,Cherry Red Records Fans' Stadium,Amy Fearn,Match Report,,8,0
585,76,,19-20,Sun,2020-02-02,14:00,Manchester City,0.5,2–1,2.1,Arsenal,3664.0,Academy Stadium,Stacey Pearson,Match Report,,2,1
586,77,,19-20,Sun,2020-02-02,14:00,Brighton,1.2,1–0,0.6,Everton,830.0,Checkatrade.com Stadium,Abigail Bryne,Match Report,,1,0
589,80,,19-20,Wed,2020-02-12,19:00,Chelsea,2.1,2–0,0.1,Birmingham City,1928.0,Cherry Red Records Fans' Stadium,Rob Whitton,Match Report,,2,0
590,81,,19-20,Wed,2020-02-12,19:00,Manchester City,1.1,1–0,0.1,Bristol City,858.0,Academy Stadium,Edward Duckworth,Match Report,,1,0
591,82,,19-20,Wed,2020-02-12,19:30,Tottenham,0.9,2–2,1.7,Everton,388.0,The Hive Stadium,Lisa Benn,Match Report,,2,2
592,83,,19-20,Wed,2020-02-12,19:30,Reading,2.0,2–0,0.0,West Ham,573.0,Adams Park,Abigail Bryne,Match Report,,2,0
593,84,,19-20,Wed,2020-02-12,19:45,Brighton,2.1,1–1,0.6,Manchester Utd,905.0,Checkatrade.com Stadium,Savvas Yianni,Match Report,,1,1
594,85,,19-20,Thu,2020-02-13,19:00,Liverpool,0.8,2–3,1.9,Arsenal,660.0,Prenton Park,Rebecca Welch,Match Report,,2,3
595,86,,19-20,Sun,2020-02-23,12:30,Everton,1.4,2–3,1.3,Manchester Utd,893.0,Walton Hall Park,Andrew Sykes,Match Report,,2,3
596,87,,19-20,Sun,2020-02-23,14:00,Birmingham City,0.6,0–1,0.7,Bristol City,659.0,Damson Park,Stacey Pearson,Match Report,,0,1
597,88,,19-20,Sun,2020-02-23,14:00,Manchester City,2.6,3–3,1.2,Chelsea,3542.0,Academy Stadium,Rebecca Welch,Match Report,,3,3
599,90,,19-20,Sun,2020-02-23,14:00,Brighton,0.6,0–1,1.2,Tottenham,964.0,Checkatrade.com Stadium,Louise Saunders,Match Report,,0,1
600,91,,19-20,Sun,2020-02-23,15:00,West Ham,1.6,4–2,1.5,Liverpool,1877.0,Rush Green Stadium,Matthew Russell,Match Report,,4,2
641,0,,17-18,Fri,2017-09-22,19:45,Chelsea,,6–0,,Bristol City,1540.0,Cherry Red Records Fans' Stadium,Jack Packman,Match Report,,6,0
642,1,,17-18,Fri,2017-09-22,19:45,Everton,,0–2,,Liverpool,1439.0,Select Security Stadium,Sarah Garratt,Match Report,,0,2
643,2,,17-18,Sun,2017-09-24,12:30,Reading,,0–1,,Sunderland,502.0,Adams Park,Stacey Pearson,Match Report,,0,1
644,3,,17-18,Sun,2017-09-24,14:00,Arsenal,,3–2,,Birmingham City,,Meadow Park,Abigail Marriott,Match Report,,3,2
645,4,,17-18,Sun,2017-09-24,14:00,Yeovil Town,,0–4,,Manchester City,1302.0,Huish Park Stadium,Adam Bromley,Match Report,,0,4
646,5,,17-18,Fri,2017-09-29,19:00,Liverpool,,0–3,,Reading,481.0,Select Security Stadium,Joe Hull,Match Report,,0,3
647,6,,17-18,Sat,2017-09-30,12:30,Manchester City,,5–2,,Arsenal,1646.0,Academy Stadium,Amy Fearn,Match Report,,5,2
648,7,,17-18,Sat,2017-09-30,17:30,Bristol City,,1–0,,Yeovil Town,621.0,Stoke Gifford Stadium,Andrew Shepherd,Match Report,,1,0
649,8,,17-18,Sat,2017-09-30,19:30,Sunderland,,0–6,,Chelsea,789.0,Mariners Park,Dean Hulme,Match Report,,0,6
650,9,,17-18,Sun,2017-10-01,12:30,Birmingham City,,2–1,,Everton,821.0,Damson Park,Daniel Middleton,Match Report,,2,1
651,10,,17-18,Sat,2017-10-07,12:30,Chelsea,,1–0,,Liverpool,2116.0,Cherry Red Records Fans' Stadium,Amy Fearn,Match Report,,1,0
652,11,,17-18,Sat,2017-10-07,19:00,Everton,,2–3,,Manchester City,735.0,Select Security Stadium,Thomas Kirk,Match Report,,2,3
653,12,,17-18,Sun,2017-10-08,12:30,Arsenal,,1–1,,Bristol City,,Meadow Park,Sarah Garratt,Match Report,,1,1
654,13,,17-18,Sun,2017-10-08,14:00,Yeovil Town,,0–1,,Sunderland,348.0,Huish Park Stadium,Richard Holme,Match Report,,0,1
655,14,,17-18,Sun,2017-10-08,14:00,Reading,,2–2,,Birmingham City,655.0,Adams Park,Joshua Smith,Match Report,,2,2
656,15,,17-18,Sat,2017-10-28,17:30,Bristol City,,0–5,,Reading,573.0,Stoke Gifford Stadium,Scott Jackson,Match Report,,0,5
657,16,,17-18,Sat,2017-10-28,18:00,Sunderland,,1–4,,Liverpool,429.0,Mariners Park,John Matthews,Match Report,,1,4
658,17,,17-18,Sun,2017-10-29,12:30,Manchester City,,3–1,,Birmingham City,24408.0,St Andrew's Trillion Trophy Stadium,Helen Byrne,Match Report,,3,1
659,18,,17-18,Sun,2017-10-29,14:00,Chelsea,,6–0,,Yeovil Town,1821.0,Cherry Red Records Fans' Stadium,Ian Fissenden,Match Report,,6,0
660,19,,17-18,Sun,2017-10-29,14:00,Everton,,0–2,,Arsenal,435.0,Select Security Stadium,Lindsey Robinson,Match Report,,0,2
661,20,,17-18,Sat,2017-11-11,15:00,Yeovil Town,,0–2,,Everton,683.0,Huish Park Stadium,Marc Whaley,Match Report,,0,2
662,21,,17-18,Sat,2017-11-11,17:30,Liverpool,,1–0,,Birmingham City,843.0,Select Security Stadium,David McNamara,Match Report,,1,0
663,22,,17-18,Sun,2017-11-12,12:30,Reading,,2–2,,Chelsea,1012.0,Adams Park,Rebecca Welch,Match Report,,2,2
664,23,,17-18,Sun,2017-11-12,14:00,Arsenal,,3–0,,Sunderland,400.0,Meadow Park,Lloyd Wood,Match Report,,3,0
665,24,,17-18,Sun,2017-11-12,14:00,Manchester City,,4–0,,Bristol City,,Academy Stadium,Helen Conley,Match Report,,4,0
666,25,,17-18,Sun,2017-12-10,14:00,Everton,,5–1,,Sunderland,122.0,Select Security Stadium,Dean Watson,Match Report,,5,1
667,26,,17-18,Sat,2018-01-06,17:30,Liverpool,,8–0,,Yeovil Town,453.0,Select Security Stadium,Helen Byrne,Match Report,,8,0
668,27,,17-18,Sat,2018-01-06,17:30,Bristol City,,2–1,,Everton,710.0,Stoke Gifford Stadium,James Durkin,Match Report,,2,1
669,28,,17-18,Sat,2018-01-06,18:00,Sunderland,,3–0,,Birmingham City,,Eppleton Colliery Football Ground,Paul Brown,Match Report,,3,0
670,29,,17-18,Sun,2018-01-07,13:30,Chelsea,,3–2,,Arsenal,2570.0,Cherry Red Records Fans' Stadium,Adrian Quelch,Match Report,,3,2
671,30,,17-18,Sun,2018-01-07,16:00,Reading,,2–5,,Manchester City,951.0,Adams Park,Abby Marriott,Match Report,,2,5
672,31,,17-18,Sun,2018-01-14,14:00,Birmingham City,,2–0,,Bristol City,517.0,Damson Park,Helen Conley,Match Report,,2,0
673,32,,17-18,Sat,2018-01-27,17:30,Liverpool,,2–0,,Bristol City,461.0,Select Security Stadium,Amy Fearn,Match Report,,2,0
674,33,,17-18,Sun,2018-01-28,12:30,Chelsea,,1–0,,Everton,1731.0,Cherry Red Records Fans' Stadium,Rob Whitton,Match Report,,1,0
675,34,,17-18,Sun,2018-01-28,14:00,Birmingham City,,3–0,,Yeovil Town,405.0,Damson Park,Lindsey Robinson,Match Report,,3,0
676,35,,17-18,Sun,2018-01-28,14:00,Reading,,0–0,,Arsenal,690.0,Adams Park,Helen Byrne,Match Report,,0,0
677,36,,17-18,Sun,2018-01-28,14:00,Sunderland,,0–3,,Manchester City,978.0,Eppleton Colliery Football Ground,Helen Conley,Match Report,,0,3
678,37,,17-18,Thu,2018-02-01,19:00,Chelsea,,0–0,,Manchester City,2648.0,Cherry Red Records Fans' Stadium,Amy Fearn,Match Report,,0,0
679,38,,17-18,Wed,2018-02-07,19:00,Liverpool,,0–3,,Arsenal,461.0,Select Security Stadium,Rebecca Welch,Match Report,,0,3
680,39,,17-18,Sat,2018-02-10,14:00,Birmingham City,,0–2,,Chelsea,669.0,Damson Park,Amy Fearn,Match Report,,0,2
681,40,,17-18,Sat,2018-02-10,17:30,Bristol City,,1–2,,Sunderland,448.0,Stoke Gifford Stadium,Robert Massey Ellis,Match Report,,1,2
682,41,,17-18,Sun,2018-02-11,12:30,Manchester City,,4–0,,Liverpool,2356.0,Academy Stadium,Scott Simpson,Match Report,,4,0
683,42,,17-18,Sun,2018-02-11,14:00,Arsenal,,4–0,,Yeovil Town,740.0,Meadow Park,Sarah Grant,Match Report,,4,0
684,43,,17-18,Sun,2018-02-11,14:00,Everton,,2–1,,Reading,274.0,Select Security Stadium,Lindsey Robinson,Match Report,,2,1
685,44,,17-18,Wed,2018-02-21,19:00,Liverpool,,3–1,,Sunderland,497.0,Select Security Stadium,Sarah Garratt,Match Report,,3,1
686,45,,17-18,Wed,2018-02-21,19:45,Reading,,4–0,,Bristol City,172.0,Adams Park,Will Finnie,Match Report,,4,0
687,46,,17-18,Wed,2018-02-21,19:45,Yeovil Town,,0–2,,Chelsea,454.0,Huish Park Stadium,Marc Whaley,Match Report,,0,2
688,47,,17-18,Wed,2018-02-21,19:45,Birmingham City,,2–0,,Manchester City,803.0,Damson Park,Sian Massey-Ellis,Match Report,,2,0
689,48,,17-18,Fri,2018-02-23,19:30,Arsenal,,1–0,,Everton,813.0,Meadow Park,Alan Dale,Match Report,,1,0
690,49,,17-18,Sat,2018-02-24,12:30,Manchester City,,2–2,,Chelsea,1417.0,Academy Stadium,Simon Mather,Match Report,,2,2
691,50,,17-18,Sun,2018-03-25,14:00,Birmingham City,,4–0,,Liverpool,869.0,Damson Park,Simon Barrow,Match Report,,4,0
692,51,,17-18,Sun,2018-03-25,14:00,Chelsea,,2–2,,Reading,1652.0,Cherry Red Records Fans' Stadium,Helen Byrne,Match Report,,2,2
693,52,,17-18,Wed,2018-03-28,19:00,Sunderland,,1–1,,Everton,224.0,Eppleton Colliery Football Ground,Rebecca Welch,Match Report,,1,1
694,53,,17-18,Wed,2018-03-28,19:00,Bristol City,,0–2,,Birmingham City,498.0,Stoke Gifford Stadium,Stacey Pearson,Match Report,,0,2
695,54,,17-18,Wed,2018-03-28,19:45,Reading,,3–0,,Yeovil Town,197.0,Adams Park,Dean Hulme,Match Report,,3,0
696,55,,17-18,Sun,2018-04-01,12:00,Yeovil Town,,0–4,,Liverpool,312.0,Huish Park Stadium,Richard Hulme,Match Report,,0,4
697,56,,17-18,Sun,2018-04-01,12:30,Arsenal,,1–1,,Chelsea,1807.0,Meadow Park,Paul Howard,Match Report,,1,1
698,57,,17-18,Sun,2018-04-01,14:00,Manchester City,,0–2,,Reading,1274.0,Academy Stadium,Helen Conley,Match Report,,0,2
699,58,,17-18,Sun,2018-04-01,14:00,Birmingham City,,2–0,,Sunderland,540.0,Damson Park,Abby Marriott,Match Report,,2,0
700,59,,17-18,Fri,2018-04-13,19:45,Yeovil Town,,0–4,,Reading,223.0,Huish Park Stadium,Phillip Eddie,Match Report,,0,4
701,60,,17-18,Wed,2018-04-18,19:00,Bristol City,,0–2,,Liverpool,518.0,Stoke Gifford Stadium,Scott Jackson,Match Report,,0,2
702,61,,17-18,Wed,2018-04-18,19:00,Everton,,0–1,,Chelsea,,Select Security Stadium,Sam Mulhall,Match Report,,0,1
703,62,,17-18,Wed,2018-04-18,19:00,Manchester City,,3–0,,Sunderland,943.0,Academy Stadium,Aaron Jackson,Match Report,,3,0
704,63,,17-18,Wed,2018-04-18,19:30,Arsenal,,3–1,,Reading,,Meadow Park,Chris O'Donnell,Match Report,,3,1
705,64,,17-18,Wed,2018-04-18,19:45,Yeovil Town,,0–0,,Birmingham City,203.0,Cherry Red Records Fans' Stadium,Adam Bromley,Match Report,,0,0
706,65,,17-18,Sat,2018-04-21,15:00,Yeovil Town,,0–0,,Arsenal,317.0,Huish Park Stadium,Abby Marriott,Match Report,,0,0
707,66,,17-18,Sat,2018-04-21,18:00,Sunderland,,1–2,,Bristol City,298.0,Eppleton Colliery Football Ground,Anthony Tankard,Match Report,,1,2
708,67,,17-18,Sun,2018-04-22,12:30,Reading,,3–0,,Everton,263.0,Adams Park,Rebecca Welch,Match Report,,3,0
709,68,,17-18,Tue,2018-04-24,19:30,Arsenal,,3–0,,Liverpool,,Meadow Park,Ian Fissenden,Match Report,,3,0
710,69,,17-18,Sun,2018-04-29,12:00,Sunderland,,0–2,,Reading,,Eppleton Colliery Football Ground,Adam Herczeg,Match Report,,0,2
711,70,,17-18,Sun,2018-04-29,14:00,Liverpool,,1–1,,Everton,1416.0,Select Security Stadium,Martin Woods,Match Report,,1,1
712,71,,17-18,Sun,2018-04-29,14:00,Birmingham City,,3–0,,Arsenal,921.0,Damson Park,Daniel Middleton,Match Report,,3,0
713,72,,17-18,Thu,2018-05-03,19:00,Bristol City,,1–6,,Manchester City,568.0,Stoke Gifford Stadium,Sarah Garratt,Match Report,,1,6
714,73,,17-18,Sun,2018-05-06,12:30,Everton,,1–2,,Bristol City,143.0,Select Security Stadium,Willie Kirk,Match Report,,1,2
715,74,,17-18,Tue,2018-05-08,19:00,Liverpool,,1–0,,Manchester City,653.0,Select Security Stadium,Daniel Middleton,Match Report,,1,0
716,75,,17-18,Wed,2018-05-09,19:00,Chelsea,,2–1,,Birmingham City,934.0,Cherry Red Records Fans' Stadium,Ryan Atkin,Match Report,,2,1
717,76,,17-18,Wed,2018-05-09,19:00,Everton,,3–1,,Yeovil Town,130.0,Select Security Stadium,Thomas Parsons,Match Report,,3,1
718,77,,17-18,Sat,2018-05-12,12:00,Yeovil Town,,0–2,,Bristol City,505.0,Huish Park Stadium,Conor Farrell,Match Report,,0,2
719,78,,17-18,Sat,2018-05-12,12:15,Arsenal,,2–1,,Manchester City,1514.0,Meadow Park,Rebecca Welch,Match Report,,2,1
720,79,,17-18,Sat,2018-05-12,14:00,Reading,,3–0,,Liverpool,1379.0,Adams Park,Lindsey Robinson,Match Report,,3,0
721,80,,17-18,Sat,2018-05-12,19:45,Chelsea,,2–1,,Sunderland,1940.0,Cherry Red Records Fans' Stadium,Abby Marriott,Match Report,,2,1
722,81,,17-18,Sun,2018-05-13,14:00,Everton,,0–3,,Birmingham City,337.0,Select Security Stadium,Amy Fearn,Match Report,,0,3
723,82,,17-18,Tue,2018-05-15,19:00,Bristol City,,0–2,,Chelsea,820.0,Stoke Gifford Stadium,Amy Fearn,Match Report,,0,2
724,83,,17-18,Wed,2018-05-16,19:00,Sunderland,,0–2,,Arsenal,321.0,Eppleton Colliery Football Ground,John Matthews,Match Report,,0,2
725,84,,17-18,Wed,2018-05-16,19:00,Manchester City,,5–0,,Yeovil Town,715.0,Academy Stadium,Lindsey Robinson,Match Report,,5,0
726,85,,17-18,Sun,2018-05-20,12:30,Sunderland,,2–1,,Yeovil Town,226.0,Eppleton Colliery Football Ground,Andrew Miller,Match Report,,2,1
727,86,,17-18,Sun,2018-05-20,12:30,Liverpool,,2–3,,Chelsea,442.0,Select Security Stadium,Matt Donohue,Match Report,,2,3
728,87,,17-18,Sun,2018-05-20,12:30,Bristol City,,1–6,,Arsenal,724.0,Stoke Gifford Stadium,Dale Wootton,Match Report,,1,6
729,88,,17-18,Sun,2018-05-20,12:30,Manchester City,,3–0,,Everton,1605.0,Academy Stadium,Leigh Doughty,Match Report,,3,0
730,89,,17-18,Sun,2018-05-20,12:30,Birmingham City,,1–1,,Reading,1120.0,Damson Park,Declan Bourne,Match Report,,1,1
