,,,,,,,Playing Time,Playing Time,Playing Time,Playing Time,Performance,Performance,Performance,Performance,Performance,Performance,Performance,Per 90 Minutes,Per 90 Minutes,Per 90 Minutes,Per 90 Minutes,Per 90 Minutes,Expected,Expected,Expected,Expected,Per 90 Minutes,Per 90 Minutes,Per 90 Minutes,Per 90 Minutes,Per 90 Minutes,,-additional
Rk,Player,Nation,Pos,Squad,Age,Born,MP,Starts,Min,90s,Gls,Ast,G-PK,PK,PKatt,CrdY,CrdR,Gls,Ast,G+A,G-PK,G+A-PK,xG,npxG,xAG,npxG+xAG,xG,xAG,xG+xAG,npxG,npxG+xAG,Matches,-9999
1,Shannon Albuery,eng ENG,FWMF,Yeovil Town,,,7,3,322,3.6,0,1,0,0,0,0,0,0.00,0.28,0.28,0.00,0.28,0.7,0.7,0.1,0.8,0.21,0.02,0.22,0.21,0.22,Matches,52a3113d
2,Megan Alexander,eng ENG,DF,Yeovil Town,24,1993,20,20,1800,20.0,1,1,1,0,0,2,0,0.05,0.05,0.10,0.05,0.10,0.1,0.1,2.3,2.4,0.01,0.12,0.12,0.01,0.12,Matches,236bda8b
3,Flo Allen,eng ENG,DF,Bristol City,18,1999,2,2,135,1.5,0,0,0,0,0,0,0,0.00,0.00,0.00,0.00,0.00,0.0,0.0,0.0,0.0,0.00,0.00,0.00,0.00,0.00,Matches,05fae887
4,Remi Allen,eng ENG,MF,Reading,27,1990,19,19,1652,18.4,2,2,2,0,0,7,0,0.11,0.11,0.22,0.11,0.22,3.1,3.1,1.9,5.0,0.17,0.10,0.27,0.17,0.27,Matches,29bbd006
5,Jonna Andersson,se SWE,DF,Chelsea,25,1993,18,18,1504,16.7,0,2,0,0,0,1,0,0.00,0.12,0.12,0.00,0.12,0.8,0.8,3.4,4.2,0.05,0.20,0.25,0.05,0.25,Matches,5f50a940
6,Janni Arnth,dk DEN,DF,Arsenal,31,1986,6,3,256,2.8,1,0,1,0,0,0,0,0.35,0.00,0.35,0.35,0.35,0.5,0.5,0.0,0.5,0.16,0.02,0.18,0.16,0.18,Matches,e4e3c571
7,Chloe Arthur,sct SCO,MF,Birmingham City,23,1995,19,16,1426,15.8,1,2,1,0,0,0,0,0.06,0.13,0.19,0.06,0.19,1.0,1.0,0.9,1.9,0.06,0.06,0.12,0.06,0.12,Matches,e91e309c
8,Anita Asante,eng ENG,DF,Chelsea,33,1985,3,2,196,2.2,0,0,0,0,0,0,0,0.00,0.00,0.00,0.00,0.00,0.0,0.0,0.0,0.0,0.00,0.00,0.00,0.00,0.00,Matches,3f052127
9,Rosella Ayane,ma MAR,FWMF,Bristol City,22,1996,15,8,795,8.8,1,0,1,0,0,0,0,0.11,0.00,0.11,0.11,0.11,1.0,1.0,0.6,1.6,0.12,0.07,0.18,0.12,0.18,Matches,41548209
10,Rinsola Babajide,eng ENG,MFFW,Liverpool,20,1998,17,10,1001,11.1,4,0,4,0,0,3,0,0.36,0.00,0.36,0.36,0.36,2.7,2.7,1.0,3.7,0.24,0.09,0.33,0.24,0.33,Matches,ca9f6f0a
11,Ramona Bachmann,ch SUI,FWMF,Chelsea,27,1990,16,12,1067,11.9,3,6,3,0,0,1,0,0.25,0.51,0.76,0.25,0.76,4.0,4.0,2.9,7.0,0.34,0.25,0.59,0.34,0.59,Matches,28392158
12,Sophie Baggaley,eng ENG,GK,Bristol City,21,1996,20,20,1800,20.0,0,0,0,0,0,0,0,0.00,0.00,0.00,0.00,0.00,0.0,0.0,0.0,0.0,0.00,0.00,0.00,0.00,0.00,Matches,410be8c7
13,Jade Bailey,jm JAM,MFFW,Reading,22,1995,6,3,287,3.2,0,0,0,0,0,0,0,0.00,0.00,0.00,0.00,0.00,0.2,0.2,1.1,1.3,0.07,0.32,0.39,0.07,0.39,Matches,3829d6df
14,Jade Bailey,jm JAM,MF,Chelsea,22,1995,1,0,30,0.3,0,0,0,0,0,0,0,0.00,0.00,0.00,0.00,0.00,0.0,0.0,0.0,0.1,0.08,0.11,0.19,0.08,0.19,Matches,3829d6df
15,Paige Bailey-Gayle,jm JAM,FWMF,Arsenal,16,2001,3,1,102,1.1,0,0,0,0,0,0,0,0.00,0.00,0.00,0.00,0.00,0.1,0.1,0.0,0.1,0.06,0.00,0.06,0.06,0.06,Matches,ed407647
16,Karen Bardsley,eng ENG,GK,Manchester City,33,1984,5,5,450,5.0,0,0,0,0,0,0,0,0.00,0.00,0.00,0.00,0.00,0.0,0.0,0.0,0.0,0.00,0.00,0.00,0.00,0.00,Matches,7c903a2d
17,Kirsty Barton,eng ENG,DF,Brighton,26,1992,15,15,1350,15.0,0,0,0,0,0,1,0,0.00,0.00,0.00,0.00,0.00,0.1,0.1,0.7,0.8,0.01,0.05,0.05,0.01,0.05,Matches,7c6d13ea
18,Molly Bartrip,eng ENG,DFMF,Reading,22,1996,14,7,756,8.4,0,2,0,0,0,0,0,0.00,0.24,0.24,0.00,0.24,0.2,0.2,0.7,1.0,0.03,0.09,0.12,0.02,0.11,Matches,a6f1d507
19,Jennifer Beattie,sct SCO,DF,Manchester City,27,1991,17,17,1530,17.0,1,0,1,0,0,1,0,0.06,0.00,0.06,0.06,0.06,1.4,1.4,0.9,2.3,0.08,0.05,0.13,0.08,0.13,Matches,bd8b51ce
20,Janine Beckie,ca CAN,FW,Manchester City,23,1994,10,2,290,3.2,1,2,1,0,0,1,0,0.31,0.62,0.93,0.31,0.93,1.0,1.0,1.2,2.2,0.31,0.37,0.68,0.31,0.68,Matches,43466fe0
21,Ann-Katrin Berger,de GER,GK,Chelsea,27,1990,1,1,90,1.0,0,0,0,0,0,0,0,0.00,0.00,0.00,0.00,0.00,0.0,0.0,0.0,0.0,0.00,0.00,0.00,0.00,0.00,Matches,be9f3298
22,Ann-Katrin Berger,de GER,GK,Birmingham City,27,1990,8,8,720,8.0,0,0,0,0,0,0,0,0.00,0.00,0.00,0.00,0.00,0.0,0.0,0.1,0.1,0.00,0.01,0.01,0.00,0.01,Matches,be9f3298
23,Julie Biesmans,be BEL,MF,Bristol City,24,1994,20,20,1800,20.0,0,2,0,0,0,0,0,0.00,0.10,0.10,0.00,0.10,0.4,0.4,1.2,1.6,0.02,0.06,0.08,0.02,0.08,Matches,a022380f
24,Annabel Blanchard,eng ENG,FW,Liverpool,17,2001,1,0,8,0.1,0,0,0,0,0,0,0,0.00,0.00,0.00,0.00,0.00,0.0,0.0,0.0,0.0,0.00,0.00,0.00,0.00,0.00,Matches,80c6cc07
25,Erin Bloomfield,eng ENG,FWMF,Yeovil Town,,,9,5,447,5.0,0,0,0,0,0,0,0,0.00,0.00,0.00,0.00,0.00,0.1,0.1,0.1,0.3,0.03,0.03,0.06,0.03,0.06,Matches,6986f9dc
26,Hannah Blundell,eng ENG,DFFW,Chelsea,24,1994,17,13,1197,13.3,1,4,1,0,0,0,0,0.08,0.30,0.38,0.08,0.38,1.0,1.0,1.8,2.8,0.08,0.13,0.21,0.08,0.21,Matches,fe9eaddc
27,Missy Bo Kearns,eng ENG,MFFW,Liverpool,17,2001,3,0,14,0.2,0,0,0,0,0,0,0,0.00,0.00,0.00,0.00,0.00,0.0,0.0,0.0,0.0,0.19,0.00,0.19,0.19,0.19,Matches,a3ee3804
28,Gemma Bonner,eng ENG,DF,Manchester City,27,1991,17,14,1308,14.5,1,0,1,0,0,2,0,0.07,0.00,0.07,0.07,0.07,1.6,1.6,0.7,2.4,0.11,0.05,0.16,0.11,0.16,Matches,488a84df
29,Chantelle Boye-Hlorkah,eng ENG,FWDF,Everton,22,1995,17,9,948,10.5,3,0,3,0,0,0,0,0.28,0.00,0.28,0.28,0.28,2.3,2.3,1.0,3.3,0.21,0.10,0.31,0.21,0.31,Matches,c87eb969
30,Sophie Bradley,eng ENG,DF,Liverpool,28,1989,20,20,1800,20.0,0,2,0,0,0,0,0,0.00,0.10,0.10,0.00,0.10,0.4,0.4,1.7,2.2,0.02,0.09,0.11,0.02,0.11,Matches,947f1c75
31,Ellie Brazil,eng ENG,FWMF,Brighton,19,1999,19,14,1422,15.8,4,1,4,0,0,3,0,0.25,0.06,0.32,0.25,0.32,3.8,3.8,1.7,5.5,0.24,0.11,0.35,0.24,0.35,Matches,50000805
32,Pauline Bremer,de GER,FW,Manchester City,22,1996,4,1,120,1.3,0,0,0,0,0,0,0,0.00,0.00,0.00,0.00,0.00,0.7,0.7,0.5,1.2,0.49,0.42,0.91,0.49,0.91,Matches,ef20b0e8
33,Jodie Brett,eng ENG,MF,Brighton,22,1996,10,6,562,6.2,1,0,1,0,0,0,0,0.16,0.00,0.16,0.16,0.16,1.4,1.4,0.1,1.5,0.22,0.02,0.24,0.22,0.24,Matches,ea0b1de2
34,Millie Bright,eng ENG,DF,Chelsea,24,1993,16,16,1420,15.8,1,0,1,0,0,2,0,0.06,0.00,0.06,0.06,0.06,2.0,2.0,1.0,2.9,0.13,0.06,0.19,0.13,0.19,Matches,22fccf20
35,Georgia Brougham,eng ENG,DF,Everton,22,1996,17,15,1455,16.2,0,0,0,0,0,0,0,0.00,0.00,0.00,0.00,0.00,0.3,0.3,0.1,0.4,0.02,0.01,0.02,0.02,0.02,Matches,052a7107
36,Frankie Brown,sct SCO,DFMF,Bristol City,30,1987,20,20,1714,19.0,0,0,0,0,0,1,0,0.00,0.00,0.00,0.00,0.00,0.0,0.0,0.1,0.1,0.00,0.01,0.01,0.00,0.01,Matches,5613c4f9
37,Emma Brownlie,sct SCO,DFMF,Everton,24,1993,7,6,447,5.0,0,0,0,0,0,0,0,0.00,0.00,0.00,0.00,0.00,0.1,0.1,0.1,0.2,0.02,0.02,0.03,0.02,0.03,Matches,3e2b46aa
38,Dominique Bruinenberg,nl NED,MF,Everton,25,1993,12,7,616,6.8,0,1,0,0,0,0,0,0.00,0.15,0.15,0.00,0.15,0.3,0.3,0.3,0.6,0.04,0.04,0.09,0.04,0.09,Matches,34fa4669
39,Lauren Bruton,eng ENG,FWMF,Reading,25,1992,17,15,1323,14.7,3,0,2,1,1,1,0,0.20,0.00,0.20,0.14,0.14,2.6,1.8,1.8,3.6,0.18,0.12,0.30,0.12,0.25,Matches,c630d3f5
40,Faye Bryson,eng ENG,DFMF,Everton,21,1997,8,6,534,5.9,0,0,0,0,0,0,0,0.00,0.00,0.00,0.00,0.00,0.1,0.1,0.3,0.4,0.01,0.04,0.06,0.01,0.06,Matches,0d10692c
41,Danielle Buet,eng ENG,MFDF,Brighton,29,1988,19,17,1557,17.3,1,1,1,0,0,2,0,0.06,0.06,0.12,0.06,0.12,0.8,0.8,1.7,2.5,0.04,0.10,0.14,0.04,0.14,Matches,ce9db81a
42,Leah Burridge,eng ENG,MF,Yeovil Town,,,3,0,27,0.3,0,0,0,0,0,0,0,0.00,0.00,0.00,0.00,0.00,0.0,0.0,0.0,0.0,0.00,0.00,0.00,0.00,0.00,Matches,b018e71b
43,Charlotte Buxton,eng ENG,DF,Yeovil Town,,,10,7,536,6.0,0,0,0,0,0,0,0,0.00,0.00,0.00,0.00,0.00,0.0,0.0,0.0,0.1,0.01,0.01,0.01,0.01,0.01,Matches,866f324f
44,Hannah Cain,wls WAL,FWMF,Everton,19,1999,13,7,610,6.8,2,0,2,0,0,2,0,0.30,0.00,0.30,0.30,0.30,2.5,2.5,1.0,3.5,0.37,0.15,0.52,0.37,0.52,Matches,73b140ea
45,Megan Campbell,ie IRL,DF,Manchester City,25,1993,4,2,181,2.0,0,0,0,0,0,1,0,0.00,0.00,0.00,0.00,0.00,0.0,0.0,0.1,0.1,0.00,0.05,0.05,0.00,0.05,Matches,621f756c
46,Karen Carney,eng ENG,FWMF,Chelsea,30,1987,14,12,985,10.9,1,4,1,0,1,2,0,0.09,0.37,0.46,0.09,0.46,2.2,1.4,5.1,6.5,0.20,0.47,0.66,0.13,0.59,Matches,06effb1f
47,Danielle Carter,eng ENG,FWMF,Arsenal,25,1993,6,0,84,0.9,0,0,0,0,0,0,0,0.00,0.00,0.00,0.00,0.00,0.2,0.2,0.1,0.2,0.18,0.05,0.23,0.18,0.23,Matches,5d6d3dbb
48,Jessica Carter,eng ENG,DFMF,Chelsea,20,1997,13,8,763,8.5,0,1,0,0,0,1,0,0.00,0.12,0.12,0.00,0.12,0.1,0.1,0.3,0.4,0.01,0.03,0.04,0.01,0.04,Matches,bb5e99fc
49,Olivia Chance,nz NZL,MF,Everton,24,1993,1,0,3,0.0,0,0,0,0,0,0,0,0.00,0.00,0.00,0.00,0.00,0.0,0.0,0.0,0.0,0.00,0.00,0.00,0.00,0.00,Matches,e9a94833
50,Brooke Chaplen,eng ENG,FWMF,Reading,29,1989,16,16,1378,15.3,7,2,7,0,0,0,0,0.46,0.13,0.59,0.46,0.59,8.6,8.6,0.8,9.4,0.56,0.05,0.62,0.56,0.62,Matches,a7600cca
51,Niamh Charles,eng ENG,FWMF,Liverpool,19,1999,9,7,578,6.4,1,0,1,0,0,0,0,0.16,0.00,0.16,0.16,0.16,2.7,2.7,0.9,3.6,0.42,0.14,0.56,0.42,0.56,Matches,cf19f181
52,Jessica Clarke,eng ENG,FWMF,Liverpool,29,1989,12,11,1017,11.3,2,2,2,0,0,0,0,0.18,0.18,0.35,0.18,0.35,2.8,2.8,1.9,4.7,0.24,0.17,0.41,0.24,0.41,Matches,a16b6619
53,Megan Connolly,ie IRL,MF,Brighton,21,1997,6,6,540,6.0,1,2,1,0,0,0,0,0.17,0.33,0.50,0.17,0.50,1.1,1.1,1.6,2.7,0.18,0.27,0.45,0.18,0.45,Matches,afed2d24
54,Laura Coombs,eng ENG,MF,Liverpool,27,1991,20,20,1793,19.9,0,4,0,0,0,0,0,0.00,0.20,0.20,0.00,0.20,1.4,1.4,3.7,5.1,0.07,0.19,0.26,0.07,0.26,Matches,dfe6be0f
55,Deanna Cooper,eng ENG,DF,Chelsea,25,1993,5,2,228,2.5,0,0,0,0,0,0,0,0.00,0.00,0.00,0.00,0.00,0.0,0.0,0.1,0.1,0.01,0.02,0.04,0.01,0.04,Matches,dffb640d
56,Nicola Cousins,wls WAL,DF,Yeovil Town,29,1988,18,13,1314,14.6,0,0,0,0,0,4,1,0.00,0.00,0.00,0.00,0.00,0.5,0.5,0.2,0.7,0.03,0.01,0.05,0.03,0.05,Matches,403a3bf8
57,Erin Cuthbert,sct SCO,FWMF,Chelsea,20,1998,19,17,1394,15.5,8,6,8,0,0,1,0,0.52,0.39,0.90,0.52,0.90,4.8,4.8,3.3,8.1,0.31,0.21,0.52,0.31,0.52,Matches,76a887a9
58,Yana Daniels,be BEL,MFFW,Liverpool,26,1992,15,9,715,7.9,1,0,1,0,0,0,0,0.13,0.00,0.13,0.13,0.13,0.5,0.5,0.8,1.4,0.07,0.10,0.17,0.07,0.17,Matches,b33b4a16
59,Gemma Davison,eng ENG,FWMF,Reading,31,1987,14,8,835,9.3,2,4,2,0,0,1,0,0.22,0.43,0.65,0.22,0.65,0.8,0.8,3.7,4.5,0.09,0.39,0.49,0.09,0.49,Matches,04629c12
60,Daniëlle van de Donk,nl NED,MFFW,Arsenal,26,1991,19,18,1588,17.6,11,6,10,1,1,3,0,0.62,0.34,0.96,0.57,0.91,7.4,6.6,3.1,9.7,0.42,0.17,0.59,0.38,0.55,Matches,6876815f
61,Emily Donovan,eng ENG,MFFW,Yeovil Town,,,18,8,820,9.1,1,0,1,0,0,0,0,0.11,0.00,0.11,0.11,0.11,0.5,0.5,0.4,0.9,0.06,0.04,0.10,0.06,0.10,Matches,7dc16db1
62,Loren Dykes,wls WAL,DF,Bristol City,30,1988,19,19,1710,19.0,0,1,0,0,0,1,0,0.00,0.05,0.05,0.00,0.05,0.1,0.1,0.8,0.9,0.01,0.04,0.05,0.01,0.05,Matches,67bb6983
63,Claire Emslie,sct SCO,FWMF,Manchester City,24,1994,14,7,647,7.2,4,3,4,0,0,0,0,0.56,0.42,0.97,0.56,0.97,2.2,2.2,3.8,6.0,0.30,0.53,0.83,0.30,0.83,Matches,f2284088
64,Bethany England,eng ENG,FW,Chelsea,24,1994,18,12,1077,12.0,12,1,12,0,0,0,0,1.00,0.08,1.09,1.00,1.09,9.2,9.2,1.4,10.6,0.77,0.12,0.88,0.77,0.88,Matches,ccb1bd8b
65,Adelina Engman,fi FIN,FWMF,Chelsea,23,1994,11,3,383,4.3,2,2,2,0,0,0,0,0.47,0.47,0.94,0.47,0.94,1.3,1.3,0.9,2.2,0.30,0.22,0.52,0.30,0.52,Matches,1cf9eca5
66,Magdalena Eriksson,se SWE,DF,Chelsea,24,1993,19,19,1710,19.0,2,1,2,0,0,3,0,0.11,0.05,0.16,0.11,0.16,2.7,2.7,0.5,3.1,0.14,0.02,0.16,0.14,0.16,Matches,bb454bb1
67,Charlie Estcourt,wls WAL,MFFW,Reading,20,1998,7,4,309,3.4,0,0,0,0,0,0,0,0.00,0.00,0.00,0.00,0.00,0.5,0.5,0.1,0.7,0.16,0.04,0.20,0.16,0.20,Matches,b0555042
68,Gemma Evans,wls WAL,DF,Bristol City,21,1996,19,17,1536,17.1,1,0,1,0,0,2,0,0.06,0.00,0.06,0.06,0.06,0.4,0.4,0.1,0.4,0.02,0.00,0.03,0.02,0.03,Matches,58e461be
69,Georgia Evans,wls WAL,MF,Yeovil Town,22,1995,19,16,1402,15.6,0,0,0,0,0,2,0,0.00,0.00,0.00,0.00,0.00,0.2,0.2,0.1,0.2,0.01,0.00,0.02,0.01,0.02,Matches,e1fced29
70,Lisa Evans,sct SCO,DFFW,Arsenal,26,1992,18,16,1412,15.7,1,2,1,0,0,0,0,0.06,0.13,0.19,0.06,0.19,1.0,1.0,1.6,2.6,0.06,0.10,0.17,0.06,0.17,Matches,755ef87c
71,Marisa Ewers,de GER,MF,Birmingham City,29,1989,8,8,597,6.6,0,0,0,0,0,0,0,0.00,0.00,0.00,0.00,0.00,0.4,0.4,0.2,0.6,0.06,0.03,0.09,0.06,0.09,Matches,eac6835d
72,Niamh Fahey,ie IRL,MFDF,Liverpool,30,1987,17,14,1274,14.2,0,0,0,0,0,2,0,0.00,0.00,0.00,0.00,0.00,0.3,0.3,0.1,0.4,0.02,0.01,0.03,0.02,0.03,Matches,cb226c03
73,Millie Farrow,eng ENG,FW,Reading,22,1996,5,2,146,1.6,2,0,2,0,0,0,0,1.23,0.00,1.23,1.23,1.23,1.9,1.9,0.0,1.9,1.10,0.00,1.10,1.10,1.10,Matches,1f35609f
74,Olivia Fergusson,eng ENG,FW,Yeovil Town,23,1995,20,18,1653,18.4,1,1,1,0,0,0,0,0.05,0.05,0.11,0.05,0.11,3.1,3.1,1.1,4.3,0.17,0.06,0.23,0.17,0.23,Matches,3ce79f86
75,Melisa Filis,eng ENG,FW,Arsenal,16,2002,1,0,1,0.0,0,1,0,0,0,0,0,0.00,90.00,90.00,0.00,90.00,0.0,0.0,0.0,0.0,0.00,2.98,2.98,0.00,2.98,Matches,a07a7a88
76,Megan Finnigan,eng ENG,DFMF,Everton,20,1998,19,18,1654,18.4,0,1,0,0,0,3,0,0.00,0.05,0.05,0.00,0.05,1.1,1.1,0.4,1.5,0.06,0.02,0.08,0.06,0.08,Matches,7de2938e
77,Monique Fischer,ws SAM,MF,Yeovil Town,26,1991,4,2,157,1.7,0,0,0,0,0,0,0,0.00,0.00,0.00,0.00,0.00,0.0,0.0,0.0,0.0,0.00,0.00,0.00,0.00,0.00,Matches,d15db99d
78,Gilly Flaherty,eng ENG,DF,West Ham,26,1991,19,19,1710,19.0,1,0,1,0,0,2,0,0.05,0.00,0.05,0.05,0.05,1.2,1.2,0.1,1.3,0.06,0.01,0.07,0.06,0.07,Matches,c7cbc20d
79,Emma Follis,eng ENG,FWMF,Birmingham City,26,1992,20,17,1377,15.3,4,2,4,0,0,0,0,0.26,0.13,0.39,0.26,0.39,3.9,3.9,1.3,5.2,0.26,0.09,0.34,0.26,0.34,Matches,e5239596
80,Rachel Furness,nir NIR,MF,Reading,30,1988,19,16,1491,16.6,1,1,1,0,0,3,0,0.06,0.06,0.12,0.06,0.12,2.1,2.1,2.5,4.6,0.12,0.15,0.28,0.12,0.28,Matches,30260df0
81,Amber Gaylor,eng ENG,MFFW,Yeovil Town,23,1995,12,10,812,9.0,1,0,1,0,0,1,0,0.11,0.00,0.11,0.11,0.11,0.5,0.5,0.4,0.9,0.05,0.05,0.10,0.05,0.10,Matches,ef8a784a
82,Gabrielle George,eng ENG,DF,Everton,21,1997,16,16,1370,15.2,1,0,1,0,0,0,0,0.07,0.00,0.07,0.07,0.07,0.9,0.9,0.5,1.4,0.06,0.03,0.09,0.06,0.09,Matches,a706e82f
83,Felicity Gibbons,eng ENG,DF,Brighton,24,1994,17,16,1409,15.7,0,1,0,0,0,1,0,0.00,0.06,0.06,0.00,0.06,0.3,0.3,0.9,1.2,0.02,0.06,0.08,0.02,0.08,Matches,6357bee3
84,Lucy Gillett,eng ENG,GK,Brighton,,,2,2,180,2.0,0,0,0,0,0,0,0,0.00,0.00,0.00,0.00,0.00,0.0,0.0,0.0,0.0,0.00,0.00,0.00,0.00,0.00,Matches,2c1faad1
85,Amy Goddard,eng ENG,DF,Yeovil Town,,,14,11,882,9.8,0,0,0,0,0,0,0,0.00,0.00,0.00,0.00,0.00,0.4,0.4,0.0,0.5,0.05,0.00,0.05,0.05,0.05,Matches,f2549009
86,Esmee de Graaf,nl NED,FWDF,West Ham,20,1997,10,7,644,7.2,1,0,1,0,0,2,0,0.14,0.00,0.14,0.14,0.14,0.7,0.7,0.3,1.1,0.10,0.05,0.15,0.10,0.15,Matches,c2aea32c
87,Lucy Graham,sct SCO,MFFW,Bristol City,21,1996,19,19,1709,19.0,7,2,5,2,2,1,0,0.37,0.11,0.47,0.26,0.37,4.5,2.9,0.8,3.7,0.24,0.04,0.28,0.15,0.20,Matches,1691b0ef
88,Ruby Grant,eng ENG,MFFW,Arsenal,16,2002,2,0,12,0.1,0,0,0,0,0,0,0,0.00,0.00,0.00,0.00,0.00,0.0,0.0,0.0,0.0,0.00,0.00,0.00,0.00,0.00,Matches,fc1149cc
89,Kayleigh Green,wls WAL,MFFW,Brighton,30,1988,18,17,1541,17.1,2,2,2,0,0,2,0,0.12,0.12,0.23,0.12,0.23,3.1,3.1,1.8,4.9,0.18,0.10,0.29,0.18,0.29,Matches,a40b9d09
90,Eleanor Hack,eng ENG,DF,Brighton,16,2002,1,1,90,1.0,0,0,0,0,0,0,0,0.00,0.00,0.00,0.00,0.00,0.0,0.0,0.0,0.0,0.00,0.00,0.00,0.00,0.00,Matches,cef8770c
91,Hannah Hampton,eng ENG,GK,Birmingham City,17,2000,12,12,1080,12.0,0,0,0,0,0,0,0,0.00,0.00,0.00,0.00,0.00,0.0,0.0,0.0,0.0,0.00,0.00,0.00,0.00,0.00,Matches,87f3ffa4
92,Natasha Harding,wls WAL,DF,Reading,29,1989,19,19,1710,19.0,1,3,1,0,0,3,0,0.05,0.16,0.21,0.05,0.21,0.7,0.7,0.8,1.5,0.03,0.04,0.08,0.03,0.08,Matches,8d6d0bf1
93,Sophie Harris,eng ENG,GK,Brighton,23,1994,4,3,325,3.6,0,0,0,0,0,0,0,0.00,0.00,0.00,0.00,0.00,0.0,0.0,0.0,0.0,0.00,0.00,0.00,0.00,0.00,Matches,63c09eda
94,Abigail Harrison,sct SCO,FWMF,Bristol City,20,1997,8,7,646,7.2,0,0,0,0,0,0,0,0.00,0.00,0.00,0.00,0.00,0.5,0.5,0.8,1.3,0.07,0.11,0.17,0.07,0.17,Matches,f39ee5a1
95,Kerys Harrop,eng ENG,DF,Birmingham City,27,1990,19,18,1631,18.1,2,2,2,0,0,3,0,0.11,0.11,0.22,0.11,0.22,1.7,1.7,1.2,2.9,0.09,0.07,0.16,0.09,0.16,Matches,c6966699
96,Laura Hartley,eng ENG,GK,Brighton,,,1,1,90,1.0,0,0,0,0,0,0,0,0.00,0.00,0.00,0.00,0.00,0.0,0.0,0.0,0.0,0.00,0.00,0.00,0.00,0.00,Matches,21ef279c
97,Shania Hayles,jm JAM,FWMF,Birmingham City,18,1999,5,0,28,0.3,0,0,0,0,0,0,0,0.00,0.00,0.00,0.00,0.00,0.0,0.0,0.0,0.0,0.00,0.00,0.00,0.00,0.00,Matches,6ad4cec9
98,Amelia Hazard,eng ENG,FWMF,Arsenal,17,2000,2,0,23,0.3,0,0,0,0,0,0,0,0.00,0.00,0.00,0.00,0.00,0.1,0.1,0.0,0.1,0.21,0.00,0.21,0.21,0.21,Matches,ccaf2066
99,Ann-Marie Heatherson,eng ENG,MFFW,Yeovil Town,34,1984,20,19,1663,18.5,2,1,2,0,0,1,0,0.11,0.05,0.16,0.11,0.16,2.4,2.4,0.7,3.1,0.13,0.04,0.17,0.13,0.17,Matches,1b81aa5e
100,Lauren Hemp,eng ENG,FWMF,Manchester City,17,2000,10,7,603,6.7,2,1,2,0,0,1,0,0.30,0.15,0.45,0.30,0.45,3.4,3.4,0.6,4.0,0.51,0.09,0.60,0.51,0.60,Matches,d979e267
101,Brooke Hendrix,us USA,DF,West Ham,25,1993,14,13,1208,13.4,0,0,0,0,0,0,0,0.00,0.00,0.00,0.00,0.00,0.5,0.5,0.5,1.0,0.03,0.04,0.07,0.03,0.07,Matches,ab662bbc
102,Taylor Hinds,eng ENG,DF,Everton,18,1999,12,11,975,10.8,0,1,0,0,0,0,0,0.00,0.09,0.09,0.00,0.09,0.8,0.8,0.2,1.0,0.07,0.02,0.09,0.07,0.09,Matches,a760a666
103,Ashley Hodson,eng ENG,MFFW,Liverpool,23,1995,6,0,105,1.2,1,0,1,0,0,1,0,0.86,0.00,0.86,0.86,0.86,0.5,0.5,0.2,0.6,0.41,0.13,0.54,0.41,0.54,Matches,c022ea68
104,Rakel Hönnudóttir,is ISL,FWMF,Reading,29,1988,5,2,208,2.3,0,0,0,0,0,0,0,0.00,0.00,0.00,0.00,0.00,0.1,0.1,0.4,0.5,0.03,0.19,0.23,0.03,0.23,Matches,324189ae
105,Bonnie Horwood,eng ENG,MF,Yeovil Town,31,1987,17,16,1473,16.4,0,0,0,0,0,0,0,0.00,0.00,0.00,0.00,0.00,0.3,0.3,0.5,0.8,0.02,0.03,0.05,0.02,0.05,Matches,244780f5
106,Steph Houghton,eng ENG,DF,Manchester City,30,1988,20,20,1800,20.0,3,0,3,0,0,1,0,0.15,0.00,0.15,0.15,0.15,2.3,2.3,1.5,3.8,0.11,0.07,0.19,0.11,0.19,Matches,378ce9a0
107,Marie Hourihan,ie IRL,GK,Brighton,31,1987,14,14,1205,13.4,0,0,0,0,0,0,0,0.00,0.00,0.00,0.00,0.00,0.0,0.0,0.1,0.1,0.00,0.01,0.01,0.00,0.01,Matches,cb40b39b
108,Sophie Howard,sct SCO,DFMF,Reading,24,1993,6,5,395,4.4,0,1,0,0,0,1,0,0.00,0.23,0.23,0.00,0.23,0.0,0.0,0.1,0.2,0.01,0.03,0.04,0.01,0.04,Matches,4b98901d
109,Elise Hughes,wls WAL,FW,Everton,17,2001,12,3,394,4.4,0,0,0,0,0,0,0,0.00,0.00,0.00,0.00,0.00,1.2,1.2,0.5,1.8,0.29,0.12,0.41,0.29,0.41,Matches,f38faa55
110,Carla Humphrey,eng ENG,MFFW,Bristol City,21,1996,20,19,1740,19.3,0,0,0,0,0,0,0,0.00,0.00,0.00,0.00,0.00,1.1,1.1,0.4,1.5,0.06,0.02,0.08,0.06,0.08,Matches,341633fc
111,Sophie Ingle,wls WAL,MF,Chelsea,26,1991,14,14,1221,13.6,0,2,0,0,0,1,0,0.00,0.15,0.15,0.00,0.15,0.7,0.7,1.2,1.9,0.05,0.09,0.14,0.05,0.14,Matches,64623394
112,Angharad James,wls WAL,MF,Everton,24,1994,19,18,1624,18.0,0,1,0,0,0,1,0,0.00,0.06,0.06,0.00,0.06,1.9,1.9,1.1,3.0,0.10,0.06,0.16,0.10,0.16,Matches,6444e5a0
113,Rebecca Jane,eng ENG,DF,Reading,26,1992,8,3,367,4.1,0,0,0,0,0,0,0,0.00,0.00,0.00,0.00,0.00,0.1,0.1,0.2,0.3,0.02,0.05,0.07,0.02,0.07,Matches,af03972f
114,Dominique Janssen,nl NED,MFDF,Arsenal,23,1995,19,19,1676,18.6,3,3,3,0,0,0,0,0.16,0.16,0.32,0.16,0.32,2.3,2.3,2.1,4.5,0.12,0.11,0.24,0.12,0.24,Matches,800b668b
115,Simran Jhamat,eng ENG,MFFW,Liverpool,17,2001,2,0,45,0.5,0,0,0,0,0,1,0,0.00,0.00,0.00,0.00,0.00,0.0,0.0,0.0,0.0,0.00,0.00,0.00,0.00,0.00,Matches,ade443fe
116,Ali Johnson,eng ENG,DF,Bristol City,,,3,1,106,1.2,0,0,0,0,0,0,0,0.00,0.00,0.00,0.00,0.00,0.0,0.0,0.0,0.0,0.03,0.00,0.03,0.03,0.03,Matches,4ba2c39a
117,Inessa Kaagman,nl NED,MFFW,Everton,22,1996,19,18,1497,16.6,4,4,4,0,1,0,0,0.24,0.24,0.48,0.24,0.48,4.4,3.6,2.2,5.8,0.26,0.13,0.40,0.22,0.35,Matches,4f9ac754
118,Chloe Kelly,eng ENG,MFFW,Everton,20,1998,11,10,918,10.2,1,0,1,0,0,2,0,0.10,0.00,0.10,0.10,0.10,2.0,2.0,1.8,3.8,0.19,0.18,0.37,0.19,0.37,Matches,9ff67bf9
119,Tabea Kemme,de GER,FWMF,Arsenal,26,1991,3,0,3,0.0,0,0,0,0,0,0,0,0.00,0.00,0.00,0.00,0.00,0.0,0.0,0.0,0.0,0.00,0.00,0.00,0.00,0.00,Matches,4fea1010
120,Juliette Kemppi,fi FIN,FW,Bristol City,24,1994,14,12,870,9.7,1,0,1,0,0,0,0,0.10,0.00,0.10,0.10,0.10,0.6,0.6,0.1,0.8,0.07,0.02,0.08,0.07,0.08,Matches,fc807816
121,Danique Kerkdijk,nl NED,DF,Bristol City,22,1996,19,17,1553,17.3,2,0,2,0,0,1,0,0.12,0.00,0.12,0.12,0.12,1.5,1.5,0.1,1.5,0.09,0.00,0.09,0.09,0.09,Matches,b04bd0b8
122,Leanne Kiernan,ie IRL,FWMF,West Ham,19,1999,15,10,917,10.2,2,1,2,0,0,2,0,0.20,0.10,0.29,0.20,0.29,1.6,1.6,0.5,2.1,0.16,0.05,0.20,0.16,0.20,Matches,be519a1d
123,Fran Kirby,eng ENG,FWMF,Chelsea,25,1993,16,9,967,10.7,9,0,7,2,2,0,0,0.84,0.00,0.84,0.65,0.65,7.8,6.3,2.1,8.5,0.73,0.20,0.93,0.59,0.79,Matches,bd91e11f
124,Frances Kitching,eng ENG,GK,Liverpool,20,1998,6,6,540,6.0,0,0,0,0,0,0,0,0.00,0.00,0.00,0.00,0.00,0.0,0.0,0.0,0.0,0.00,0.00,0.00,0.00,0.00,Matches,5a91247a
125,Rosie Kmita,eng ENG,FWMF,West Ham,24,1994,14,1,222,2.5,1,1,1,0,0,0,0,0.41,0.41,0.81,0.41,0.81,0.6,0.6,0.6,1.1,0.22,0.24,0.46,0.22,0.46,Matches,a58785c5
126,Ava Kuyken,eng ENG,MFDF,Arsenal,17,2001,7,1,109,1.2,0,0,0,0,0,0,0,0.00,0.00,0.00,0.00,0.00,0.0,0.0,0.0,0.1,0.04,0.02,0.06,0.04,0.06,Matches,2cc918c3
127,Hayley Ladd,wls WAL,MF,Birmingham City,24,1993,19,19,1690,18.8,2,1,2,0,0,2,1,0.11,0.05,0.16,0.11,0.16,0.7,0.7,1.8,2.5,0.04,0.10,0.13,0.04,0.13,Matches,1e4d1c4c
128,Melissa Lawley,eng ENG,FW,Manchester City,24,1994,4,3,217,2.4,0,0,0,0,0,0,0,0.00,0.00,0.00,0.00,0.00,0.2,0.2,0.2,0.3,0.08,0.06,0.14,0.08,0.14,Matches,6ca0cbee
129,Maya Le Tissier,eng ENG,MF,Brighton,16,2002,2,1,123,1.4,0,0,0,0,0,0,0,0.00,0.00,0.00,0.00,0.00,0.0,0.0,0.1,0.1,0.00,0.04,0.04,0.00,0.04,Matches,087316e6
130,Jenna Legg,eng ENG,MFFW,Brighton,21,1997,3,2,107,1.2,0,0,0,0,0,0,0,0.00,0.00,0.00,0.00,0.00,0.0,0.0,0.0,0.0,0.00,0.00,0.00,0.00,0.00,Matches,c8863e2e
131,Alisha Lehmann,ch SUI,FWMF,West Ham,19,1999,20,20,1721,19.1,6,3,6,0,0,1,0,0.31,0.16,0.47,0.31,0.47,5.0,5.0,2.2,7.2,0.26,0.11,0.38,0.26,0.38,Matches,f32bb122
132,Adriana Leon,ca CAN,FWMF,West Ham,25,1992,6,4,348,3.9,1,0,1,0,0,0,0,0.26,0.00,0.26,0.26,0.26,0.7,0.7,0.3,1.1,0.19,0.09,0.28,0.19,0.28,Matches,15c7bfb7
133,Kirstie Levell,eng ENG,GK,Everton,21,1997,20,20,1800,20.0,0,0,0,0,0,1,0,0.00,0.00,0.00,0.00,0.00,0.0,0.0,0.0,0.0,0.00,0.00,0.00,0.00,0.00,Matches,85b75d24
134,Hedvig Lindahl,se SWE,GK,Chelsea,35,1983,9,9,810,9.0,0,0,0,0,0,0,0,0.00,0.00,0.00,0.00,0.00,0.0,0.0,0.0,0.0,0.00,0.00,0.00,0.00,0.00,Matches,2d309cfe
135,Kirsty Linnett,eng ENG,FW,Liverpool,24,1993,15,9,748,8.3,1,1,1,0,0,2,0,0.12,0.12,0.24,0.12,0.24,1.0,1.0,0.1,1.1,0.12,0.02,0.14,0.12,0.14,Matches,23a667a7
136,Kim Little,sct SCO,MF,Arsenal,28,1990,14,14,1225,13.6,8,6,5,3,3,0,0,0.59,0.44,1.03,0.37,0.81,5.0,2.7,2.0,4.7,0.37,0.15,0.52,0.20,0.34,Matches,bef86627
137,Leandra Little,eng ENG,DFFW,Liverpool,33,1984,11,5,454,5.0,0,0,0,0,0,1,0,0.00,0.00,0.00,0.00,0.00,0.6,0.6,0.0,0.6,0.12,0.00,0.12,0.12,0.12,Matches,b6d20345
138,Kate Longhurst,eng ENG,MFDF,West Ham,29,1989,19,17,1596,17.7,2,1,2,0,0,4,0,0.11,0.06,0.17,0.11,0.17,2.0,2.0,0.5,2.4,0.11,0.03,0.14,0.11,0.14,Matches,05638837
139,Simone Magill,nir NIR,FWMF,Everton,23,1994,17,16,1386,15.4,2,2,2,0,0,1,0,0.13,0.13,0.26,0.13,0.26,1.4,1.4,1.8,3.2,0.09,0.12,0.21,0.09,0.21,Matches,34691e2f
140,Aoife Mannion,eng ENG,DF,Birmingham City,22,1995,20,20,1800,20.0,2,0,1,1,2,4,0,0.10,0.00,0.10,0.05,0.05,1.7,0.1,0.4,0.6,0.09,0.02,0.11,0.01,0.03,Matches,65be012f
141,Ellie Mason,nir NIR,DFMF,Yeovil Town,22,1996,20,19,1681,18.7,3,0,3,0,1,0,0,0.16,0.00,0.16,0.16,0.16,1.8,0.9,0.1,1.0,0.09,0.00,0.10,0.05,0.05,Matches,86774752
142,Jasmine Matthews,eng ENG,DF,Liverpool,25,1993,10,10,895,9.9,0,0,0,0,0,1,0,0.00,0.00,0.00,0.00,0.00,0.1,0.1,0.1,0.2,0.01,0.01,0.02,0.01,0.02,Matches,208e9d61
143,Sarah Mayling,eng ENG,FWDF,Birmingham City,21,1997,17,8,835,9.3,0,0,0,0,0,0,0,0.00,0.00,0.00,0.00,0.00,0.3,0.3,0.3,0.6,0.03,0.03,0.06,0.03,0.06,Matches,5aad26a6
144,Katie McCabe,ie IRL,MFFW,Arsenal,22,1995,20,17,1575,17.5,5,8,5,0,0,2,0,0.29,0.46,0.74,0.29,0.74,4.2,4.2,3.7,7.9,0.24,0.21,0.45,0.24,0.45,Matches,cb3a3ff4
145,Rachel McLauchlan,sct SCO,MFDF,Yeovil Town,21,1997,7,7,630,7.0,0,1,0,0,0,0,0,0.00,0.14,0.14,0.00,0.14,0.3,0.3,0.3,0.6,0.05,0.04,0.09,0.05,0.09,Matches,aa88eabb
146,Abbie McManus,eng ENG,DF,Manchester City,25,1993,13,10,911,10.1,0,2,0,0,0,2,0,0.00,0.20,0.20,0.00,0.20,0.6,0.6,1.9,2.5,0.06,0.19,0.25,0.06,0.25,Matches,6b4fff19
147,Beth Mead,eng ENG,FWMF,Arsenal,23,1995,19,18,1519,16.9,7,12,7,0,0,2,0,0.41,0.71,1.13,0.41,1.13,3.5,3.5,7.8,11.3,0.21,0.46,0.67,0.21,0.67,Matches,921c8f1d
148,Vivianne Miedema,nl NED,FW,Arsenal,22,1996,20,20,1779,19.8,22,10,22,0,0,1,0,1.11,0.51,1.62,1.11,1.62,14.6,14.6,6.9,21.5,0.74,0.35,1.09,0.74,1.09,Matches,fa4e4c0a
149,Emma Mitchell,sct SCO,DF,Arsenal,25,1992,11,9,809,9.0,1,0,1,0,0,1,0,0.11,0.00,0.11,0.11,0.11,0.2,0.2,0.6,0.8,0.03,0.07,0.09,0.03,0.09,Matches,0bf3e7fe
150,Maren Mjelde,no NOR,DFMF,Chelsea,28,1989,7,6,561,6.2,0,0,0,0,0,1,0,0.00,0.00,0.00,0.00,0.00,0.2,0.2,1.2,1.4,0.04,0.19,0.23,0.04,0.23,Matches,3bf287fc
151,Grace Moloney,ie IRL,GK,Reading,25,1993,20,20,1800,20.0,0,0,0,0,0,1,0,0.00,0.00,0.00,0.00,0.00,0.0,0.0,0.0,0.0,0.00,0.00,0.00,0.00,0.00,Matches,dd0c049a
152,Jade Moore,eng ENG,MFFW,Reading,27,1990,13,12,974,10.8,1,0,1,0,0,2,0,0.09,0.00,0.09,0.09,0.09,1.1,1.1,0.6,1.7,0.10,0.06,0.16,0.10,0.16,Matches,4319f536
153,Anna Moorhouse,eng ENG,GK,West Ham,23,1995,10,10,805,8.9,0,0,0,0,0,0,1,0.00,0.00,0.00,0.00,0.00,0.0,0.0,0.0,0.0,0.00,0.00,0.00,0.00,0.00,Matches,271c5edc
154,Esme Morgan,eng ENG,DF,Manchester City,17,2000,6,5,475,5.3,0,0,0,0,0,0,0,0.00,0.00,0.00,0.00,0.00,0.2,0.2,0.1,0.3,0.04,0.03,0.06,0.04,0.06,Matches,ecacba26
155,Christie Murray,sct SCO,MF,Liverpool,28,1990,19,16,1293,14.4,0,1,0,0,0,0,0,0.00,0.07,0.07,0.00,0.07,0.5,0.5,1.1,1.7,0.04,0.08,0.12,0.04,0.12,Matches,629a62ec
156,Satara Murray,jm JAM,DF,Liverpool,25,1993,14,14,1260,14.0,0,1,0,0,0,3,0,0.00,0.07,0.07,0.00,0.07,0.0,0.0,0.3,0.4,0.00,0.02,0.03,0.00,0.03,Matches,c519dc3a
157,Nadia Nadim,dk DEN,FW,Manchester City,30,1988,3,2,173,1.9,0,0,0,0,0,0,0,0.00,0.00,0.00,0.00,0.00,1.4,1.4,0.1,1.5,0.72,0.07,0.79,0.72,0.79,Matches,4f24c672
158,Kate Natkiel,eng ENG,FWMF,Brighton,25,1992,12,9,756,8.4,0,0,0,0,0,0,0,0.00,0.00,0.00,0.00,0.00,0.4,0.4,0.2,0.6,0.05,0.02,0.07,0.05,0.07,Matches,b428e192
159,Amanda Nildén,se SWE,DFMF,Brighton,19,1998,4,1,148,1.6,1,0,1,0,0,0,0,0.61,0.00,0.61,0.61,0.61,0.1,0.1,0.2,0.2,0.04,0.11,0.14,0.04,0.14,Matches,ede1eaea
160,Jordan Nobbs,eng ENG,MFFW,Arsenal,25,1992,8,8,704,7.8,9,3,9,0,0,0,0,1.15,0.38,1.53,1.15,1.53,4.7,4.7,3.4,8.1,0.61,0.43,1.04,0.61,1.04,Matches,2225335c
161,Mayumi Pacheco,eng ENG,DF,Reading,19,1998,16,14,1261,14.0,0,1,0,0,0,0,0,0.00,0.07,0.07,0.00,0.07,0.2,0.2,0.5,0.7,0.01,0.04,0.05,0.01,0.05,Matches,3dec204f
162,Jessica Park,eng ENG,FWMF,Manchester City,16,2001,2,0,39,0.4,0,0,0,0,0,0,0,0.00,0.00,0.00,0.00,0.00,0.6,0.6,0.0,0.6,1.41,0.00,1.41,1.41,1.41,Matches,4a27340c
163,Nikita Parris,eng ENG,FW,Manchester City,24,1994,19,18,1595,17.7,19,7,15,4,4,2,0,1.07,0.39,1.47,0.85,1.24,17.4,14.2,4.9,19.2,0.98,0.28,1.26,0.80,1.08,Matches,fa5faf19
164,Poppy Pattinson,eng ENG,DF,Bristol City,18,2000,19,19,1693,18.8,0,0,0,0,0,1,0,0.00,0.00,0.00,0.00,0.00,0.2,0.2,0.7,0.8,0.01,0.03,0.04,0.01,0.04,Matches,eced0e75
165,Heather Payne,ie IRL,FWMF,Bristol City,18,2000,9,1,241,2.7,0,0,0,0,0,0,0,0.00,0.00,0.00,0.00,0.00,0.2,0.2,0.1,0.3,0.09,0.04,0.12,0.09,0.12,Matches,86f7f003
166,Kirsty Pearce,,DF,Reading,,,18,17,1522,16.9,1,2,1,0,0,3,0,0.06,0.12,0.18,0.06,0.18,1.0,1.0,0.6,1.7,0.06,0.04,0.10,0.06,0.10,Matches,806513bf
167,Chloe Peplow,eng ENG,MF,Brighton,19,1998,16,14,1095,12.2,0,0,0,0,0,0,0,0.00,0.00,0.00,0.00,0.00,0.4,0.4,1.0,1.4,0.03,0.08,0.12,0.03,0.12,Matches,b503594e
168,Ria Percival,nz NZL,DFMF,West Ham,28,1989,16,15,1368,15.2,0,2,0,0,0,1,0,0.00,0.13,0.13,0.00,0.13,0.1,0.1,0.9,1.0,0.01,0.06,0.07,0.01,0.07,Matches,f3746547
169,Sophie Perry,ie IRL,DFMF,Brighton,31,1986,7,4,411,4.6,0,0,0,0,0,0,0,0.00,0.00,0.00,0.00,0.00,0.5,0.5,0.3,0.8,0.10,0.06,0.16,0.10,0.16,Matches,af39b29f
170,Pauline Peyraud Magnin,fr FRA,GK,Arsenal,26,1992,13,13,1170,13.0,0,0,0,0,0,0,0,0.00,0.00,0.00,0.00,0.00,0.0,0.0,0.0,0.0,0.00,0.00,0.00,0.00,0.00,Matches,c6876fd6
171,Liberty Piggott,wls WAL,FW,Yeovil Town,20,1997,1,0,2,0.0,0,0,0,0,0,0,0,0.00,0.00,0.00,0.00,0.00,0.0,0.0,0.0,0.0,0.00,0.00,0.00,0.00,0.00,Matches,3f9a8e6f
172,Jo Potter,eng ENG,DF,Reading,33,1984,16,16,1440,16.0,0,0,0,0,0,0,0,0.00,0.00,0.00,0.00,0.00,0.3,0.3,0.8,1.0,0.02,0.05,0.07,0.02,0.07,Matches,ffe84701
173,Anke Preuß,de GER,GK,Liverpool,25,1992,14,14,1260,14.0,0,0,0,0,0,0,0,0.00,0.00,0.00,0.00,0.00,0.0,0.0,0.0,0.0,0.00,0.00,0.00,0.00,0.00,Matches,07943bfe
174,Jemma Purfield,eng ENG,DF,Liverpool,21,1997,6,6,540,6.0,0,0,0,0,0,0,0,0.00,0.00,0.00,0.00,0.00,0.0,0.0,0.0,0.0,0.01,0.00,0.01,0.01,0.01,Matches,adf8b12b
175,Louise Quinn,ie IRL,DF,Arsenal,28,1990,19,17,1544,17.2,1,1,1,0,0,0,0,0.06,0.06,0.12,0.06,0.12,1.5,1.5,0.5,2.0,0.09,0.03,0.11,0.09,0.11,Matches,4aa73137
176,Lucy Quinn,ie IRL,FWMF,Birmingham City,24,1993,13,6,582,6.5,1,2,1,0,0,0,0,0.15,0.31,0.46,0.15,0.46,1.4,1.4,0.8,2.2,0.22,0.13,0.35,0.22,0.35,Matches,c7194657
177,Claire Rafferty,eng ENG,DF,West Ham,29,1989,13,11,1042,11.6,1,0,1,0,0,0,0,0.09,0.00,0.09,0.09,0.09,0.3,0.3,1.5,1.8,0.02,0.13,0.16,0.02,0.16,Matches,6bba15fa
178,Laura Rafferty,nir NIR,DF,Brighton,22,1996,13,13,1170,13.0,1,2,1,0,0,2,0,0.08,0.15,0.23,0.08,0.23,1.1,1.1,0.6,1.7,0.08,0.04,0.13,0.08,0.13,Matches,0ebf8bcd
179,Lucienne Reichardt,nl NED,MFDF,West Ham,27,1991,12,10,771,8.6,0,0,0,0,0,2,0,0.00,0.00,0.00,0.00,0.00,0.3,0.3,0.0,0.3,0.03,0.00,0.04,0.03,0.04,Matches,77494670
180,Ali Riley,nz NZL,DFFW,Chelsea,30,1987,9,2,352,3.9,0,2,0,0,0,0,0,0.00,0.51,0.51,0.00,0.51,0.2,0.2,1.8,2.0,0.05,0.46,0.52,0.05,0.52,Matches,c65fc5cf
181,Leigh-Anne Robe,eng ENG,DF,Liverpool,24,1993,19,19,1710,19.0,0,1,0,0,0,1,0,0.00,0.05,0.05,0.00,0.05,0.1,0.1,0.9,1.0,0.00,0.05,0.05,0.00,0.05,Matches,0907ce66
182,Rhiannon Roberts,wls WAL,MFDF,Liverpool,27,1990,8,6,514,5.7,0,0,0,0,0,1,1,0.00,0.00,0.00,0.00,0.00,0.3,0.3,0.0,0.3,0.05,0.00,0.05,0.05,0.05,Matches,04be3fea
183,Katie Robinson,eng ENG,FW,Bristol City,15,2002,7,0,102,1.1,0,0,0,0,0,0,0,0.00,0.00,0.00,0.00,0.00,0.5,0.5,0.0,0.5,0.45,0.03,0.48,0.45,0.48,Matches,9809a8d0
184,Amy Rodgers,eng ENG,MFDF,Liverpool,18,2000,12,9,839,9.3,1,1,1,0,0,1,0,0.11,0.11,0.21,0.11,0.21,1.0,1.0,0.4,1.4,0.11,0.04,0.15,0.11,0.15,Matches,4f15e6a9
185,Bethan Roe,eng ENG,DF,Brighton,18,1999,2,2,180,2.0,0,0,0,0,0,0,0,0.00,0.00,0.00,0.00,0.00,0.1,0.1,0.0,0.1,0.05,0.00,0.05,0.05,0.05,Matches,1f412db9
186,Ellie Roebuck,eng ENG,GK,Manchester City,18,1999,15,15,1350,15.0,0,0,0,0,0,0,0,0.00,0.00,0.00,0.00,0.00,0.0,0.0,0.0,0.0,0.00,0.00,0.00,0.00,0.00,Matches,16d7db66
187,Katie Rood,nz NZL,FWMF,Bristol City,25,1992,4,1,107,1.2,1,0,1,0,0,0,0,0.84,0.00,0.84,0.84,0.84,0.4,0.4,0.0,0.4,0.31,0.00,0.31,0.31,0.31,Matches,99739d83
188,Jane Ross,sct SCO,FW,West Ham,28,1989,20,18,1660,18.4,7,2,7,0,1,0,0,0.38,0.11,0.49,0.38,0.49,5.7,4.7,2.8,7.5,0.31,0.15,0.46,0.26,0.41,Matches,8844be23
189,Rachel Rowe,wls WAL,MF,Reading,25,1992,1,1,71,0.8,0,0,0,0,0,0,0,0.00,0.00,0.00,0.00,0.00,0.0,0.0,0.0,0.0,0.03,0.00,0.03,0.03,0.03,Matches,3a336e9f
190,Ella Rutherford,eng ENG,FWMF,Bristol City,18,2000,20,17,1459,16.2,2,1,2,0,0,4,0,0.12,0.06,0.19,0.12,0.19,2.7,2.7,1.7,4.4,0.17,0.11,0.27,0.17,0.27,Matches,36984d53
191,Vyan Sampson,jm JAM,DFMF,West Ham,22,1996,12,6,479,5.3,0,0,0,0,0,0,0,0.00,0.00,0.00,0.00,0.00,0.0,0.0,0.0,0.0,0.00,0.00,0.00,0.00,0.00,Matches,4846c6bf
192,Jessica Samuelsson,se SWE,DF,Arsenal,26,1992,8,1,193,2.1,0,0,0,0,0,0,0,0.00,0.00,0.00,0.00,0.00,0.0,0.0,0.0,0.0,0.00,0.00,0.00,0.00,0.00,Matches,9a3cb08a
193,Meaghan Sargeant,eng ENG,DF,Birmingham City,24,1994,19,17,1520,16.9,3,0,3,0,0,0,0,0.18,0.00,0.18,0.18,0.18,1.1,1.1,0.2,1.3,0.07,0.01,0.08,0.07,0.08,Matches,030e6560
194,Viktoria Schnaderbeck,at AUT,MFDF,Arsenal,27,1991,5,1,104,1.2,0,0,0,0,0,0,0,0.00,0.00,0.00,0.00,0.00,0.1,0.1,0.0,0.1,0.09,0.00,0.09,0.09,0.09,Matches,51d0ba7e
195,Connie Scofield,eng ENG,MF,Birmingham City,19,1999,10,3,312,3.5,1,1,1,0,0,0,0,0.29,0.29,0.58,0.29,0.58,0.0,0.0,0.0,0.0,0.00,0.00,0.00,0.00,0.00,Matches,192b4396
196,Harriet Scott,ie IRL,DF,Birmingham City,25,1993,14,11,1024,11.4,0,1,0,0,0,2,0,0.00,0.09,0.09,0.00,0.09,0.8,0.7,0.5,1.2,0.07,0.04,0.11,0.07,0.11,Matches,9ea4f36a
197,Jill Scott,eng ENG,MF,Manchester City,31,1987,19,19,1574,17.5,0,5,0,0,0,0,0,0.00,0.29,0.29,0.00,0.29,2.1,2.1,1.6,3.6,0.12,0.09,0.21,0.12,0.21,Matches,bb3bd078
198,Hannah Short,eng ENG,DF,Yeovil Town,25,1993,18,18,1545,17.2,1,1,1,0,0,1,0,0.06,0.06,0.12,0.06,0.12,0.5,0.5,0.7,1.3,0.03,0.04,0.07,0.03,0.07,Matches,59a2fc58
199,Julia Simic,de GER,MF,West Ham,29,1989,11,11,907,10.1,2,4,2,0,0,1,0,0.20,0.40,0.60,0.20,0.60,1.0,1.0,2.9,3.9,0.10,0.29,0.39,0.10,0.39,Matches,71a8e019
200,Erin Simon,us USA,DF,West Ham,23,1994,17,16,1396,15.5,0,0,0,0,0,1,0,0.00,0.00,0.00,0.00,0.00,0.1,0.1,0.2,0.3,0.01,0.01,0.02,0.01,0.02,Matches,99b8bc28
201,Emily Simpkins,eng ENG,MF,Brighton,28,1990,6,2,256,2.8,0,0,0,0,0,0,0,0.00,0.00,0.00,0.00,0.00,0.7,0.7,0.0,0.7,0.24,0.01,0.25,0.24,0.25,Matches,6648899b
202,Cho So-hyun,kr KOR,MF,West Ham,30,1988,7,6,570,6.3,0,2,0,0,0,0,0,0.00,0.32,0.32,0.00,0.32,0.1,0.1,0.6,0.7,0.02,0.09,0.11,0.02,0.11,Matches,4c004d8c
203,Ji So-yun,kr KOR,MF,Chelsea,27,1991,17,17,1430,15.9,6,2,6,0,0,0,0,0.38,0.13,0.50,0.38,0.50,3.5,3.5,3.9,7.5,0.22,0.25,0.47,0.22,0.47,Matches,60d80b92
204,Drew Spence,jm JAM,MF,Chelsea,25,1992,17,15,1206,13.4,1,3,1,0,0,3,0,0.07,0.22,0.30,0.07,0.30,3.8,3.8,1.6,5.4,0.28,0.12,0.40,0.28,0.40,Matches,8983fe4a
205,Rebecca Spencer,jm JAM,GK,West Ham,27,1991,12,10,993,11.0,0,0,0,0,0,0,0,0.00,0.00,0.00,0.00,0.00,0.0,0.0,0.1,0.1,0.00,0.01,0.01,0.00,0.01,Matches,c207731f
206,Lucy Staniforth,eng ENG,MFFW,Birmingham City,25,1992,19,18,1618,18.0,2,5,2,0,0,1,0,0.11,0.28,0.39,0.11,0.39,3.2,3.2,3.6,6.8,0.18,0.20,0.38,0.18,0.38,Matches,2ee41ad7
207,Georgia Stanway,eng ENG,MFFW,Manchester City,19,1999,19,13,1314,14.6,11,3,11,0,0,4,0,0.75,0.21,0.96,0.75,0.96,6.8,6.8,3.1,9.9,0.46,0.21,0.68,0.46,0.68,Matches,89c43b54
208,Demi Stokes,eng ENG,DF,Manchester City,26,1991,11,11,914,10.2,1,1,1,0,0,0,0,0.10,0.10,0.20,0.10,0.20,0.5,0.5,0.5,1.0,0.05,0.05,0.10,0.05,0.10,Matches,a49a1c85
209,Abbey-Leigh Stringer,eng ENG,MF,Everton,23,1995,15,13,1171,13.0,1,1,1,0,0,4,0,0.08,0.08,0.15,0.08,0.15,0.4,0.4,0.3,0.6,0.03,0.02,0.05,0.03,0.05,Matches,d2fb8712
210,Courtney Sweetman-Kirk,eng ENG,FWMF,Liverpool,27,1990,19,15,1341,14.9,10,0,7,3,3,0,0,0.67,0.00,0.67,0.47,0.47,8.5,6.2,1.0,7.1,0.57,0.06,0.64,0.41,0.48,Matches,e04121b4
211,Emily Syme,eng ENG,MFFW,Yeovil Town,18,2000,15,8,775,8.6,1,0,1,0,0,0,0,0.12,0.00,0.12,0.12,0.12,1.1,1.1,0.1,1.3,0.13,0.02,0.15,0.13,0.15,Matches,abf0120b
212,Charlie Taylor,eng ENG,MF,Yeovil Town,,,1,0,8,0.1,0,0,0,0,0,0,0,0.00,0.00,0.00,0.00,0.00,,,,,,,,,,Matches,7abe311a
213,Carly Telford,eng ENG,GK,Chelsea,31,1987,10,10,900,10.0,0,0,0,0,0,0,0,0.00,0.00,0.00,0.00,0.00,0.0,0.0,0.0,0.0,0.00,0.00,0.00,0.00,0.00,Matches,a428bcd0
214,Lauren Thomas,eng ENG,MFFW,Liverpool,,,2,0,22,0.2,0,0,0,0,0,0,0,0.00,0.00,0.00,0.00,0.00,0.0,0.0,0.0,0.0,0.00,0.00,0.00,0.00,0.00,Matches,8ba7b9a0
215,Maria Thorisdottir,no NOR,MFDF,Chelsea,25,1993,5,3,309,3.4,0,0,0,0,0,1,0,0.00,0.00,0.00,0.00,0.00,0.0,0.0,0.2,0.2,0.00,0.05,0.05,0.00,0.05,Matches,8ee86892
216,Danielle Turner,eng ENG,DFMF,Everton,27,1991,14,13,1129,12.5,0,0,0,0,0,0,0,0.00,0.00,0.00,0.00,0.00,0.2,0.2,1.8,2.0,0.02,0.14,0.16,0.02,0.16,Matches,cdcfea31
217,Iniabasi Umotong,ng NGA,FW,Brighton,24,1994,20,14,1237,13.7,2,1,2,0,0,0,0,0.15,0.07,0.22,0.15,0.22,3.5,3.5,1.2,4.8,0.26,0.09,0.35,0.26,0.35,Matches,73699805
218,Sari van Veenendaal,nl NED,GK,Arsenal,28,1990,7,7,630,7.0,0,0,0,0,0,0,0,0.00,0.00,0.00,0.00,0.00,0.0,0.0,0.0,0.0,0.00,0.00,0.00,0.00,0.00,Matches,b2803b53
219,Katrine Veje,dk DEN,DFFW,Arsenal,27,1991,8,7,622,6.9,0,2,0,0,0,1,0,0.00,0.29,0.29,0.00,0.29,0.2,0.2,1.5,1.7,0.04,0.21,0.25,0.04,0.25,Matches,613c3da2
220,Brianna Visalli,us USA,MFFW,West Ham,23,1995,20,16,1393,15.5,1,2,1,0,0,1,0,0.06,0.13,0.19,0.06,0.19,1.8,1.8,1.4,3.2,0.11,0.09,0.21,0.11,0.21,Matches,bbdfa558
221,Claudia Walker,eng ENG,FW,Everton,22,1996,10,3,415,4.6,1,0,1,0,0,0,0,0.22,0.00,0.22,0.22,0.22,1.3,1.3,0.2,1.5,0.28,0.05,0.33,0.28,0.33,Matches,fcdb5047
222,Claudia Walker,eng ENG,FWMF,Birmingham City,22,1996,7,3,285,3.2,0,1,0,0,0,0,0,0.00,0.32,0.32,0.00,0.32,0.9,0.9,0.9,1.8,0.29,0.28,0.57,0.29,0.57,Matches,fcdb5047
223,Keira Walsh,eng ENG,MF,Manchester City,21,1997,19,19,1710,19.0,1,5,1,0,0,3,0,0.05,0.26,0.32,0.05,0.32,0.4,0.4,2.2,2.6,0.02,0.12,0.14,0.02,0.14,Matches,ca934b6b
224,Megan Walsh,ie IRL,GK,Yeovil Town,23,1994,20,20,1800,20.0,0,0,0,0,0,1,0,0.00,0.00,0.00,0.00,0.00,0.0,0.0,0.7,0.7,0.00,0.04,0.04,0.00,0.04,Matches,8694b82e
225,Lia Wälti,ch SUI,MF,Arsenal,25,1993,12,12,1058,11.8,0,1,0,0,0,1,0,0.00,0.09,0.09,0.00,0.09,0.4,0.4,0.6,1.0,0.04,0.05,0.09,0.04,0.09,Matches,5410bdaa
226,Caroline Weir,sct SCO,MFFW,Manchester City,23,1995,18,16,1346,15.0,5,5,5,0,0,0,0,0.33,0.33,0.67,0.33,0.67,3.9,3.9,7.2,11.1,0.26,0.48,0.74,0.26,0.74,Matches,b30c8ad2
227,Charlie Wellings,eng ENG,FWMF,Birmingham City,20,1998,20,17,1587,17.6,3,4,3,0,0,0,0,0.17,0.23,0.40,0.17,0.40,2.5,2.5,4.7,7.2,0.14,0.26,0.41,0.14,0.41,Matches,af308521
228,Aileen Whelan,eng ENG,MFFW,Brighton,26,1991,20,20,1723,19.1,1,2,1,0,0,0,0,0.05,0.10,0.16,0.05,0.16,1.8,1.8,2.7,4.5,0.09,0.14,0.23,0.09,0.23,Matches,11c33ab6
229,Fern Whelan,eng ENG,DFMF,Brighton,29,1988,7,7,613,6.8,0,0,0,0,0,0,0,0.00,0.00,0.00,0.00,0.00,0.1,0.1,0.6,0.7,0.02,0.09,0.11,0.02,0.11,Matches,ea0eebef
230,Ellen White,eng ENG,FW,Birmingham City,29,1989,8,7,647,7.2,6,1,6,0,0,0,0,0.83,0.14,0.97,0.83,0.97,4.8,4.8,0.2,5.0,0.66,0.03,0.69,0.66,0.69,Matches,87740aba
231,Fara Williams,eng ENG,MFFW,Reading,34,1984,20,20,1725,19.2,11,3,9,2,3,1,0,0.57,0.16,0.73,0.47,0.63,6.9,4.6,3.7,8.3,0.36,0.19,0.56,0.24,0.43,Matches,8054c3f7
232,Paige Williams,eng ENG,DF,Birmingham City,23,1995,12,12,1035,11.5,0,1,0,0,0,3,0,0.00,0.09,0.09,0.00,0.09,0.2,0.2,1.0,1.2,0.02,0.09,0.11,0.02,0.11,Matches,f49e0ece
233,Victoria Williams,eng ENG,DF,Brighton,28,1990,19,19,1710,19.0,2,1,2,0,0,4,0,0.11,0.05,0.16,0.11,0.16,1.1,1.1,0.5,1.6,0.06,0.02,0.08,0.06,0.08,Matches,fd4f768b
234,Leah Williamson,eng ENG,DF,Arsenal,21,1997,19,18,1602,17.8,1,2,1,0,0,1,0,0.06,0.11,0.17,0.06,0.17,0.8,0.8,1.3,2.1,0.04,0.07,0.12,0.04,0.12,Matches,9a40ae1f
235,Poppy Wilson,eng ENG,MF,Bristol City,18,1999,1,0,13,0.1,0,0,0,0,0,0,0,0.00,0.00,0.00,0.00,0.00,0.0,0.0,0.0,0.0,0.00,0.00,0.00,0.00,0.00,Matches,d3dd88b4
236,Lily Woodham,wls WAL,DFMF,Reading,17,2000,4,1,150,1.7,0,0,0,0,0,0,0,0.00,0.00,0.00,0.00,0.00,0.0,0.0,0.2,0.2,0.00,0.09,0.09,0.00,0.09,Matches,828d664e
237,Jessica Wooley,eng ENG,MF,Bristol City,17,2001,4,1,71,0.8,0,0,0,0,0,0,0,0.00,0.00,0.00,0.00,0.00,0.0,0.0,0.0,0.0,0.00,0.04,0.04,0.00,0.04,Matches,689223d5
238,Siri Worm,nl NED,DF,Everton,26,1992,13,11,854,9.5,0,1,0,0,0,1,0,0.00,0.11,0.11,0.00,0.11,0.0,0.0,0.7,0.7,0.00,0.08,0.08,0.00,0.08,Matches,ef3ae457
239,Tessa Wullaert,be BEL,FWMF,Manchester City,25,1993,18,14,1253,13.9,3,4,3,0,0,0,0,0.22,0.29,0.50,0.22,0.50,1.7,1.7,3.9,5.6,0.12,0.28,0.41,0.12,0.41,Matches,54a6f718
